SET SQL_MODE = "";

INSERT INTO `cnoc_banner` (`banner_id`, `name`, `status`) VALUES ('6', 'Demo Banner', '1');

INSERT INTO `cnoc_banner_image` (`banner_image_id`, `banner_id`, `language_id`, `title`, `subtitle`, `text`, `link`, `image`, `sort_order`) VALUES ('244', '7', '2', '#1', '', '', '#1', '', '5');
INSERT INTO `cnoc_banner_image` (`banner_image_id`, `banner_id`, `language_id`, `title`, `subtitle`, `text`, `link`, `image`, `sort_order`) VALUES ('243', '7', '2', '#5', '', '', '#5', '', '4');
INSERT INTO `cnoc_banner_image` (`banner_image_id`, `banner_id`, `language_id`, `title`, `subtitle`, `text`, `link`, `image`, `sort_order`) VALUES ('242', '7', '2', '#4', '', '', '#4', '', '3');
INSERT INTO `cnoc_banner_image` (`banner_image_id`, `banner_id`, `language_id`, `title`, `subtitle`, `text`, `link`, `image`, `sort_order`) VALUES ('241', '7', '2', '#2', '', '', '#2', '', '2');
INSERT INTO `cnoc_banner_image` (`banner_image_id`, `banner_id`, `language_id`, `title`, `subtitle`, `text`, `link`, `image`, `sort_order`) VALUES ('240', '7', '2', '#3', '', '', '#3', '', '1');
INSERT INTO `cnoc_banner_image` (`banner_image_id`, `banner_id`, `language_id`, `title`, `subtitle`, `text`, `link`, `image`, `sort_order`) VALUES ('239', '7', '3', '#2', '', '', '#2', '', '5');
INSERT INTO `cnoc_banner_image` (`banner_image_id`, `banner_id`, `language_id`, `title`, `subtitle`, `text`, `link`, `image`, `sort_order`) VALUES ('238', '7', '3', '#3', '', '', '#3', '', '4');
INSERT INTO `cnoc_banner_image` (`banner_image_id`, `banner_id`, `language_id`, `title`, `subtitle`, `text`, `link`, `image`, `sort_order`) VALUES ('237', '7', '3', '#9', '', '', '#9', '', '3');
INSERT INTO `cnoc_banner_image` (`banner_image_id`, `banner_id`, `language_id`, `title`, `subtitle`, `text`, `link`, `image`, `sort_order`) VALUES ('236', '7', '3', '#1', '', '', '#1', '', '2');
INSERT INTO `cnoc_banner_image` (`banner_image_id`, `banner_id`, `language_id`, `title`, `subtitle`, `text`, `link`, `image`, `sort_order`) VALUES ('235', '7', '3', '#4', '', '', '#4', '', '1');
INSERT INTO `cnoc_banner_image` (`banner_image_id`, `banner_id`, `language_id`, `title`, `subtitle`, `text`, `link`, `image`, `sort_order`) VALUES ('234', '7', '1', '#2', '', '', '#2', '', '5');
INSERT INTO `cnoc_banner_image` (`banner_image_id`, `banner_id`, `language_id`, `title`, `subtitle`, `text`, `link`, `image`, `sort_order`) VALUES ('233', '7', '1', '#3', '', '', '#3', '', '4');
INSERT INTO `cnoc_banner_image` (`banner_image_id`, `banner_id`, `language_id`, `title`, `subtitle`, `text`, `link`, `image`, `sort_order`) VALUES ('232', '7', '1', '#9', '', '', '#9', '', '3');
INSERT INTO `cnoc_banner_image` (`banner_image_id`, `banner_id`, `language_id`, `title`, `subtitle`, `text`, `link`, `image`, `sort_order`) VALUES ('231', '7', '1', '#1', '', '', '#1', '', '2');
INSERT INTO `cnoc_banner_image` (`banner_image_id`, `banner_id`, `language_id`, `title`, `subtitle`, `text`, `link`, `image`, `sort_order`) VALUES ('230', '7', '1', '#4', '', '', '#4', '', '1');
INSERT INTO `cnoc_banner_image` (`banner_image_id`, `banner_id`, `language_id`, `title`, `subtitle`, `text`, `link`, `image`, `sort_order`) VALUES ('256', '6', '2', 'Demo', '', '', '', 'catalog/banner1.jpg', '0');
INSERT INTO `cnoc_banner_image` (`banner_image_id`, `banner_id`, `language_id`, `title`, `subtitle`, `text`, `link`, `image`, `sort_order`) VALUES ('255', '6', '2', 'Demo', '', '', '', 'catalog/banner1.jpg', '0');
INSERT INTO `cnoc_banner_image` (`banner_image_id`, `banner_id`, `language_id`, `title`, `subtitle`, `text`, `link`, `image`, `sort_order`) VALUES ('254', '6', '3', 'Demo', '', '', '', 'catalog/banner1.jpg', '0');
INSERT INTO `cnoc_banner_image` (`banner_image_id`, `banner_id`, `language_id`, `title`, `subtitle`, `text`, `link`, `image`, `sort_order`) VALUES ('253', '6', '3', 'Demo', '', '', '', 'catalog/banner1.jpg', '0');
INSERT INTO `cnoc_banner_image` (`banner_image_id`, `banner_id`, `language_id`, `title`, `subtitle`, `text`, `link`, `image`, `sort_order`) VALUES ('252', '6', '1', 'Demo', '', '', '', 'catalog/banner1.jpg', '0');
INSERT INTO `cnoc_banner_image` (`banner_image_id`, `banner_id`, `language_id`, `title`, `subtitle`, `text`, `link`, `image`, `sort_order`) VALUES ('251', '6', '1', 'Demo', '', '', '', 'catalog/banner1.jpg', '0');




INSERT INTO `cnoc_category` (`category_id`, `image`, `parent_id`, `top`, `column`, `sort_order`, `status`, `template`, `date_added`, `date_modified`) VALUES ('59', '', '58', '1', '1', '0', '1', '', '2019-03-18 16:37:22', '2019-03-18 16:37:22');
INSERT INTO `cnoc_category` (`category_id`, `image`, `parent_id`, `top`, `column`, `sort_order`, `status`, `template`, `date_added`, `date_modified`) VALUES ('66', '', '0', '1', '1', '0', '1', '', '2019-03-19 15:50:08', '2019-03-19 15:50:08');
INSERT INTO `cnoc_category` (`category_id`, `image`, `parent_id`, `top`, `column`, `sort_order`, `status`, `template`, `date_added`, `date_modified`) VALUES ('65', '', '0', '1', '1', '0', '1', '', '2019-03-19 15:49:54', '2019-03-19 15:49:54');
INSERT INTO `cnoc_category` (`category_id`, `image`, `parent_id`, `top`, `column`, `sort_order`, `status`, `template`, `date_added`, `date_modified`) VALUES ('64', '', '0', '1', '1', '0', '1', '', '2019-03-19 15:47:52', '2019-03-19 15:47:52');
INSERT INTO `cnoc_category` (`category_id`, `image`, `parent_id`, `top`, `column`, `sort_order`, `status`, `template`, `date_added`, `date_modified`) VALUES ('63', '', '0', '1', '1', '0', '1', '', '2019-03-19 15:47:33', '2019-03-19 15:47:33');
INSERT INTO `cnoc_category` (`category_id`, `image`, `parent_id`, `top`, `column`, `sort_order`, `status`, `template`, `date_added`, `date_modified`) VALUES ('58', '', '0', '1', '1', '0', '1', '', '2019-03-18 16:36:03', '2019-03-18 16:37:30');
INSERT INTO `cnoc_category` (`category_id`, `image`, `parent_id`, `top`, `column`, `sort_order`, `status`, `template`, `date_added`, `date_modified`) VALUES ('62', '', '61', '1', '1', '0', '1', '', '2019-03-19 11:52:56', '2019-03-19 11:53:10');
INSERT INTO `cnoc_category` (`category_id`, `image`, `parent_id`, `top`, `column`, `sort_order`, `status`, `template`, `date_added`, `date_modified`) VALUES ('61', '', '0', '1', '1', '0', '1', '', '2019-03-19 11:52:34', '2019-03-19 11:53:04');
INSERT INTO `cnoc_category` (`category_id`, `image`, `parent_id`, `top`, `column`, `sort_order`, `status`, `template`, `date_added`, `date_modified`) VALUES ('60', '', '58', '1', '1', '0', '1', '', '2019-03-18 16:41:50', '2019-03-18 16:42:05');



INSERT INTO `cnoc_category_description` (`category_id`, `language_id`, `name`, `description`, `meta_title`, `meta_description`, `meta_keyword`) VALUES ('65', '2', 'Demo1', '', '', '', '');
INSERT INTO `cnoc_category_description` (`category_id`, `language_id`, `name`, `description`, `meta_title`, `meta_description`, `meta_keyword`) VALUES ('66', '1', '演示2', '', '', '', '');
INSERT INTO `cnoc_category_description` (`category_id`, `language_id`, `name`, `description`, `meta_title`, `meta_description`, `meta_keyword`) VALUES ('66', '3', '演示2', '', '', '', '');
INSERT INTO `cnoc_category_description` (`category_id`, `language_id`, `name`, `description`, `meta_title`, `meta_description`, `meta_keyword`) VALUES ('66', '2', 'Demo2', '', '', '', '');
INSERT INTO `cnoc_category_description` (`category_id`, `language_id`, `name`, `description`, `meta_title`, `meta_description`, `meta_keyword`) VALUES ('65', '3', '演示1', '', '', '', '');
INSERT INTO `cnoc_category_description` (`category_id`, `language_id`, `name`, `description`, `meta_title`, `meta_description`, `meta_keyword`) VALUES ('62', '1', '手机', '', '', '', '');
INSERT INTO `cnoc_category_description` (`category_id`, `language_id`, `name`, `description`, `meta_title`, `meta_description`, `meta_keyword`) VALUES ('62', '3', '手机', '', '', '', '');
INSERT INTO `cnoc_category_description` (`category_id`, `language_id`, `name`, `description`, `meta_title`, `meta_description`, `meta_keyword`) VALUES ('62', '2', 'Phone', '', '', '', '');
INSERT INTO `cnoc_category_description` (`category_id`, `language_id`, `name`, `description`, `meta_title`, `meta_description`, `meta_keyword`) VALUES ('63', '1', '创意礼品', '', '', '', '');
INSERT INTO `cnoc_category_description` (`category_id`, `language_id`, `name`, `description`, `meta_title`, `meta_description`, `meta_keyword`) VALUES ('63', '3', '创意礼品', '', '', '', '');
INSERT INTO `cnoc_category_description` (`category_id`, `language_id`, `name`, `description`, `meta_title`, `meta_description`, `meta_keyword`) VALUES ('63', '2', 'Gift', '', '', '', '');
INSERT INTO `cnoc_category_description` (`category_id`, `language_id`, `name`, `description`, `meta_title`, `meta_description`, `meta_keyword`) VALUES ('64', '1', '书籍', '', '', '', '');
INSERT INTO `cnoc_category_description` (`category_id`, `language_id`, `name`, `description`, `meta_title`, `meta_description`, `meta_keyword`) VALUES ('64', '3', '书籍', '', '', '', '');
INSERT INTO `cnoc_category_description` (`category_id`, `language_id`, `name`, `description`, `meta_title`, `meta_description`, `meta_keyword`) VALUES ('64', '2', 'Book', '', '', '', '');
INSERT INTO `cnoc_category_description` (`category_id`, `language_id`, `name`, `description`, `meta_title`, `meta_description`, `meta_keyword`) VALUES ('65', '1', '演示1', '', '', '', '');
INSERT INTO `cnoc_category_description` (`category_id`, `language_id`, `name`, `description`, `meta_title`, `meta_description`, `meta_keyword`) VALUES ('58', '2', 'Clothing', '', '', '', '');
INSERT INTO `cnoc_category_description` (`category_id`, `language_id`, `name`, `description`, `meta_title`, `meta_description`, `meta_keyword`) VALUES ('58', '1', ' 服饰', '', '', '', '');
INSERT INTO `cnoc_category_description` (`category_id`, `language_id`, `name`, `description`, `meta_title`, `meta_description`, `meta_keyword`) VALUES ('58', '3', ' 服饰', '', '', '', '');
INSERT INTO `cnoc_category_description` (`category_id`, `language_id`, `name`, `description`, `meta_title`, `meta_description`, `meta_keyword`) VALUES ('59', '1', '女装', '', '', '', '');
INSERT INTO `cnoc_category_description` (`category_id`, `language_id`, `name`, `description`, `meta_title`, `meta_description`, `meta_keyword`) VALUES ('59', '3', '女装', '', '', '', '');
INSERT INTO `cnoc_category_description` (`category_id`, `language_id`, `name`, `description`, `meta_title`, `meta_description`, `meta_keyword`) VALUES ('59', '2', 'Women', '', '', '', '');
INSERT INTO `cnoc_category_description` (`category_id`, `language_id`, `name`, `description`, `meta_title`, `meta_description`, `meta_keyword`) VALUES ('61', '3', '数码家电', '', '', '', '');
INSERT INTO `cnoc_category_description` (`category_id`, `language_id`, `name`, `description`, `meta_title`, `meta_description`, `meta_keyword`) VALUES ('60', '1', '男装', '', '', '', '');
INSERT INTO `cnoc_category_description` (`category_id`, `language_id`, `name`, `description`, `meta_title`, `meta_description`, `meta_keyword`) VALUES ('60', '3', '男装', '', '', '', '');
INSERT INTO `cnoc_category_description` (`category_id`, `language_id`, `name`, `description`, `meta_title`, `meta_description`, `meta_keyword`) VALUES ('60', '2', 'Men', '', '', '', '');
INSERT INTO `cnoc_category_description` (`category_id`, `language_id`, `name`, `description`, `meta_title`, `meta_description`, `meta_keyword`) VALUES ('61', '2', 'Digital', '', '', '', '');
INSERT INTO `cnoc_category_description` (`category_id`, `language_id`, `name`, `description`, `meta_title`, `meta_description`, `meta_keyword`) VALUES ('61', '1', '数码家电', '', '', '', '');



INSERT INTO `cnoc_category_path` (`category_id`, `path_id`, `level`) VALUES ('66', '66', '0');
INSERT INTO `cnoc_category_path` (`category_id`, `path_id`, `level`) VALUES ('64', '64', '0');
INSERT INTO `cnoc_category_path` (`category_id`, `path_id`, `level`) VALUES ('65', '65', '0');
INSERT INTO `cnoc_category_path` (`category_id`, `path_id`, `level`) VALUES ('62', '61', '0');
INSERT INTO `cnoc_category_path` (`category_id`, `path_id`, `level`) VALUES ('63', '63', '0');
INSERT INTO `cnoc_category_path` (`category_id`, `path_id`, `level`) VALUES ('61', '61', '0');
INSERT INTO `cnoc_category_path` (`category_id`, `path_id`, `level`) VALUES ('62', '62', '1');
INSERT INTO `cnoc_category_path` (`category_id`, `path_id`, `level`) VALUES ('60', '58', '0');
INSERT INTO `cnoc_category_path` (`category_id`, `path_id`, `level`) VALUES ('60', '60', '1');
INSERT INTO `cnoc_category_path` (`category_id`, `path_id`, `level`) VALUES ('58', '58', '0');
INSERT INTO `cnoc_category_path` (`category_id`, `path_id`, `level`) VALUES ('59', '58', '0');
INSERT INTO `cnoc_category_path` (`category_id`, `path_id`, `level`) VALUES ('59', '59', '1');



INSERT INTO `cnoc_category_to_layout` (`category_id`, `store_id`, `layout_id`) VALUES ('60', '0', '0');
INSERT INTO `cnoc_category_to_layout` (`category_id`, `store_id`, `layout_id`) VALUES ('59', '0', '0');
INSERT INTO `cnoc_category_to_layout` (`category_id`, `store_id`, `layout_id`) VALUES ('58', '0', '0');
INSERT INTO `cnoc_category_to_layout` (`category_id`, `store_id`, `layout_id`) VALUES ('62', '0', '0');
INSERT INTO `cnoc_category_to_layout` (`category_id`, `store_id`, `layout_id`) VALUES ('61', '0', '0');
INSERT INTO `cnoc_category_to_layout` (`category_id`, `store_id`, `layout_id`) VALUES ('63', '0', '0');
INSERT INTO `cnoc_category_to_layout` (`category_id`, `store_id`, `layout_id`) VALUES ('64', '0', '0');
INSERT INTO `cnoc_category_to_layout` (`category_id`, `store_id`, `layout_id`) VALUES ('65', '0', '0');
INSERT INTO `cnoc_category_to_layout` (`category_id`, `store_id`, `layout_id`) VALUES ('66', '0', '0');



INSERT INTO `cnoc_category_to_store` (`category_id`, `store_id`) VALUES ('58', '0');
INSERT INTO `cnoc_category_to_store` (`category_id`, `store_id`) VALUES ('59', '0');
INSERT INTO `cnoc_category_to_store` (`category_id`, `store_id`) VALUES ('60', '0');
INSERT INTO `cnoc_category_to_store` (`category_id`, `store_id`) VALUES ('61', '0');
INSERT INTO `cnoc_category_to_store` (`category_id`, `store_id`) VALUES ('62', '0');
INSERT INTO `cnoc_category_to_store` (`category_id`, `store_id`) VALUES ('63', '0');
INSERT INTO `cnoc_category_to_store` (`category_id`, `store_id`) VALUES ('64', '0');
INSERT INTO `cnoc_category_to_store` (`category_id`, `store_id`) VALUES ('65', '0');
INSERT INTO `cnoc_category_to_store` (`category_id`, `store_id`) VALUES ('66', '0');



INSERT INTO `cnoc_layout_module` (`layout_module_id`, `layout_id`, `code`, `position`, `sort_order`) VALUES ('107', '3', 'banner.31', 'content_top', '0');
INSERT INTO `cnoc_layout_module` (`layout_module_id`, `layout_id`, `code`, `position`, `sort_order`) VALUES ('106', '3', 'filter', 'column_left', '0');
INSERT INTO `cnoc_layout_module` (`layout_module_id`, `layout_id`, `code`, `position`, `sort_order`) VALUES ('103', '1', 'latest.32', 'content_top', '1');
INSERT INTO `cnoc_layout_module` (`layout_module_id`, `layout_id`, `code`, `position`, `sort_order`) VALUES ('102', '1', 'slideshow.27', 'content_top', '0');


INSERT INTO `cnoc_module` (`module_id`, `name`, `code`, `setting`) VALUES ('30', '分类页', 'banner', '{"name":"分类页","banner_id":"6","width":"182","height":"182","status":"1"}');
INSERT INTO `cnoc_module` (`module_id`, `name`, `code`, `setting`) VALUES ('29', '首页', 'carousel', '{"name":"首页","banner_id":"8","width":"130","height":"100","status":"1"}');
INSERT INTO `cnoc_module` (`module_id`, `name`, `code`, `setting`) VALUES ('28', '首页', 'featured', '{"name":"\\u9996\\u9875","product_name":"","product":["52","54","53","56"],"limit":"12","width":"500","height":"500","status":"1"}');
INSERT INTO `cnoc_module` (`module_id`, `name`, `code`, `setting`) VALUES ('27', '首页', 'slideshow', '{"name":"\\u9996\\u9875","banner_id":"6","width":"1140","height":"420","status":"1"}');
INSERT INTO `cnoc_module` (`module_id`, `name`, `code`, `setting`) VALUES ('31', '横幅广告1', 'banner', '{"name":"\\u6a2a\\u5e45\\u5e7f\\u544a1","banner_id":"6","width":"1140","height":"400","status":"1"}');
INSERT INTO `cnoc_module` (`module_id`, `name`, `code`, `setting`) VALUES ('32', '新产品', 'latest', '{"name":"\\u65b0\\u4ea7\\u54c1","limit":"12","width":"500","height":"500","status":"1"}');





INSERT INTO `cnoc_product` (`product_id`, `model`, `sku`, `upc`, `ean`, `jan`, `isbn`, `mpn`, `location`, `quantity`, `stock_status_id`, `image`, `manufacturer_id`, `shipping`, `price`, `points`, `tax_class_id`, `date_available`, `weight`, `weight_class_id`, `length`, `width`, `height`, `length_class_id`, `subtract`, `minimum`, `sort_order`, `status`, `template`, `viewed`, `date_added`, `date_modified`) VALUES ('52', '100001', '', '', '', '', '', '', '', '10000', '7', 'catalog/20117121516771.jpg', '1', '1', '100.0000', '0', '0', '2019-03-19', '0.00000000', '1', '0.00000000', '0.00000000', '0.00000000', '1', '0', '1', '1', '1', '', '2', '2019-03-19 12:00:10', '2019-03-19 12:00:27');
INSERT INTO `cnoc_product` (`product_id`, `model`, `sku`, `upc`, `ean`, `jan`, `isbn`, `mpn`, `location`, `quantity`, `stock_status_id`, `image`, `manufacturer_id`, `shipping`, `price`, `points`, `tax_class_id`, `date_available`, `weight`, `weight_class_id`, `length`, `width`, `height`, `length_class_id`, `subtract`, `minimum`, `sort_order`, `status`, `template`, `viewed`, `date_added`, `date_modified`) VALUES ('53', '100001', '', '', '', '', '', '', '', '10000', '7', 'catalog/20117121516771.jpg', '1', '1', '100.0000', '0', '0', '2019-03-19', '0.00000000', '1', '0.00000000', '0.00000000', '0.00000000', '1', '0', '1', '1', '1', '', '0', '2019-03-19 15:57:37', '0000-00-00 00:00:00');
INSERT INTO `cnoc_product` (`product_id`, `model`, `sku`, `upc`, `ean`, `jan`, `isbn`, `mpn`, `location`, `quantity`, `stock_status_id`, `image`, `manufacturer_id`, `shipping`, `price`, `points`, `tax_class_id`, `date_available`, `weight`, `weight_class_id`, `length`, `width`, `height`, `length_class_id`, `subtract`, `minimum`, `sort_order`, `status`, `template`, `viewed`, `date_added`, `date_modified`) VALUES ('54', '100001', '', '', '', '', '', '', '', '10000', '7', 'catalog/20117121516771.jpg', '1', '1', '100.0000', '0', '0', '2019-03-19', '0.00000000', '1', '0.00000000', '0.00000000', '0.00000000', '1', '0', '1', '1', '1', '', '0', '2019-03-19 15:57:43', '0000-00-00 00:00:00');
INSERT INTO `cnoc_product` (`product_id`, `model`, `sku`, `upc`, `ean`, `jan`, `isbn`, `mpn`, `location`, `quantity`, `stock_status_id`, `image`, `manufacturer_id`, `shipping`, `price`, `points`, `tax_class_id`, `date_available`, `weight`, `weight_class_id`, `length`, `width`, `height`, `length_class_id`, `subtract`, `minimum`, `sort_order`, `status`, `template`, `viewed`, `date_added`, `date_modified`) VALUES ('55', '100001', '', '', '', '', '', '', '', '10000', '7', 'catalog/20117121516771.jpg', '1', '1', '100.0000', '0', '0', '2019-03-19', '0.00000000', '1', '0.00000000', '0.00000000', '0.00000000', '1', '0', '1', '1', '1', '', '0', '2019-03-19 15:57:43', '0000-00-00 00:00:00');
INSERT INTO `cnoc_product` (`product_id`, `model`, `sku`, `upc`, `ean`, `jan`, `isbn`, `mpn`, `location`, `quantity`, `stock_status_id`, `image`, `manufacturer_id`, `shipping`, `price`, `points`, `tax_class_id`, `date_available`, `weight`, `weight_class_id`, `length`, `width`, `height`, `length_class_id`, `subtract`, `minimum`, `sort_order`, `status`, `template`, `viewed`, `date_added`, `date_modified`) VALUES ('56', '100001', '', '', '', '', '', '', '', '10000', '7', 'catalog/20117121516771.jpg', '1', '1', '100.0000', '0', '0', '2019-03-19', '0.00000000', '1', '0.00000000', '0.00000000', '0.00000000', '1', '0', '1', '1', '1', '', '0', '2019-03-19 15:57:47', '0000-00-00 00:00:00');
INSERT INTO `cnoc_product` (`product_id`, `model`, `sku`, `upc`, `ean`, `jan`, `isbn`, `mpn`, `location`, `quantity`, `stock_status_id`, `image`, `manufacturer_id`, `shipping`, `price`, `points`, `tax_class_id`, `date_available`, `weight`, `weight_class_id`, `length`, `width`, `height`, `length_class_id`, `subtract`, `minimum`, `sort_order`, `status`, `template`, `viewed`, `date_added`, `date_modified`) VALUES ('57', '100001', '', '', '', '', '', '', '', '10000', '7', 'catalog/20117121516771.jpg', '1', '1', '100.0000', '0', '0', '2019-03-19', '0.00000000', '1', '0.00000000', '0.00000000', '0.00000000', '1', '0', '1', '1', '1', '', '0', '2019-03-19 15:57:47', '0000-00-00 00:00:00');
INSERT INTO `cnoc_product` (`product_id`, `model`, `sku`, `upc`, `ean`, `jan`, `isbn`, `mpn`, `location`, `quantity`, `stock_status_id`, `image`, `manufacturer_id`, `shipping`, `price`, `points`, `tax_class_id`, `date_available`, `weight`, `weight_class_id`, `length`, `width`, `height`, `length_class_id`, `subtract`, `minimum`, `sort_order`, `status`, `template`, `viewed`, `date_added`, `date_modified`) VALUES ('58', '100001', '', '', '', '', '', '', '', '10000', '7', 'catalog/20117121516771.jpg', '1', '1', '100.0000', '0', '0', '2019-03-19', '0.00000000', '1', '0.00000000', '0.00000000', '0.00000000', '1', '0', '1', '1', '1', '', '0', '2019-03-19 15:57:47', '0000-00-00 00:00:00');
INSERT INTO `cnoc_product` (`product_id`, `model`, `sku`, `upc`, `ean`, `jan`, `isbn`, `mpn`, `location`, `quantity`, `stock_status_id`, `image`, `manufacturer_id`, `shipping`, `price`, `points`, `tax_class_id`, `date_available`, `weight`, `weight_class_id`, `length`, `width`, `height`, `length_class_id`, `subtract`, `minimum`, `sort_order`, `status`, `template`, `viewed`, `date_added`, `date_modified`) VALUES ('59', '100001', '', '', '', '', '', '', '', '10000', '7', 'catalog/20117121516771.jpg', '1', '1', '100.0000', '0', '0', '2019-03-19', '0.00000000', '1', '0.00000000', '0.00000000', '0.00000000', '1', '0', '1', '1', '1', '', '0', '2019-03-19 15:57:47', '0000-00-00 00:00:00');
INSERT INTO `cnoc_product` (`product_id`, `model`, `sku`, `upc`, `ean`, `jan`, `isbn`, `mpn`, `location`, `quantity`, `stock_status_id`, `image`, `manufacturer_id`, `shipping`, `price`, `points`, `tax_class_id`, `date_available`, `weight`, `weight_class_id`, `length`, `width`, `height`, `length_class_id`, `subtract`, `minimum`, `sort_order`, `status`, `template`, `viewed`, `date_added`, `date_modified`) VALUES ('60', '100001', '', '', '', '', '', '', '', '10000', '7', 'catalog/20117121516771.jpg', '1', '1', '100.0000', '0', '0', '2019-03-19', '0.00000000', '1', '0.00000000', '0.00000000', '0.00000000', '1', '0', '1', '1', '1', '', '0', '2019-03-19 15:57:50', '0000-00-00 00:00:00');
INSERT INTO `cnoc_product` (`product_id`, `model`, `sku`, `upc`, `ean`, `jan`, `isbn`, `mpn`, `location`, `quantity`, `stock_status_id`, `image`, `manufacturer_id`, `shipping`, `price`, `points`, `tax_class_id`, `date_available`, `weight`, `weight_class_id`, `length`, `width`, `height`, `length_class_id`, `subtract`, `minimum`, `sort_order`, `status`, `template`, `viewed`, `date_added`, `date_modified`) VALUES ('61', '100001', '', '', '', '', '', '', '', '10000', '7', 'catalog/20117121516771.jpg', '1', '1', '100.0000', '0', '0', '2019-03-19', '0.00000000', '1', '0.00000000', '0.00000000', '0.00000000', '1', '0', '1', '1', '1', '', '0', '2019-03-19 15:57:50', '0000-00-00 00:00:00');
INSERT INTO `cnoc_product` (`product_id`, `model`, `sku`, `upc`, `ean`, `jan`, `isbn`, `mpn`, `location`, `quantity`, `stock_status_id`, `image`, `manufacturer_id`, `shipping`, `price`, `points`, `tax_class_id`, `date_available`, `weight`, `weight_class_id`, `length`, `width`, `height`, `length_class_id`, `subtract`, `minimum`, `sort_order`, `status`, `template`, `viewed`, `date_added`, `date_modified`) VALUES ('62', '100001', '', '', '', '', '', '', '', '10000', '7', 'catalog/20117121516771.jpg', '1', '1', '100.0000', '0', '0', '2019-03-19', '0.00000000', '1', '0.00000000', '0.00000000', '0.00000000', '1', '0', '1', '1', '1', '', '3', '2019-03-19 15:57:50', '0000-00-00 00:00:00');
INSERT INTO `cnoc_product` (`product_id`, `model`, `sku`, `upc`, `ean`, `jan`, `isbn`, `mpn`, `location`, `quantity`, `stock_status_id`, `image`, `manufacturer_id`, `shipping`, `price`, `points`, `tax_class_id`, `date_available`, `weight`, `weight_class_id`, `length`, `width`, `height`, `length_class_id`, `subtract`, `minimum`, `sort_order`, `status`, `template`, `viewed`, `date_added`, `date_modified`) VALUES ('63', '100001', '', '', '', '', '', '', '', '10000', '7', 'catalog/20117121516771.jpg', '1', '1', '100.0000', '0', '0', '2019-03-19', '0.00000000', '1', '0.00000000', '0.00000000', '0.00000000', '1', '0', '1', '1', '1', '', '0', '2019-03-19 15:57:50', '0000-00-00 00:00:00');
INSERT INTO `cnoc_product` (`product_id`, `model`, `sku`, `upc`, `ean`, `jan`, `isbn`, `mpn`, `location`, `quantity`, `stock_status_id`, `image`, `manufacturer_id`, `shipping`, `price`, `points`, `tax_class_id`, `date_available`, `weight`, `weight_class_id`, `length`, `width`, `height`, `length_class_id`, `subtract`, `minimum`, `sort_order`, `status`, `template`, `viewed`, `date_added`, `date_modified`) VALUES ('64', '100001', '', '', '', '', '', '', '', '10000', '7', 'catalog/20117121516771.jpg', '1', '1', '100.0000', '0', '0', '2019-03-19', '0.00000000', '1', '0.00000000', '0.00000000', '0.00000000', '1', '0', '1', '1', '1', '', '0', '2019-03-19 15:57:50', '0000-00-00 00:00:00');
INSERT INTO `cnoc_product` (`product_id`, `model`, `sku`, `upc`, `ean`, `jan`, `isbn`, `mpn`, `location`, `quantity`, `stock_status_id`, `image`, `manufacturer_id`, `shipping`, `price`, `points`, `tax_class_id`, `date_available`, `weight`, `weight_class_id`, `length`, `width`, `height`, `length_class_id`, `subtract`, `minimum`, `sort_order`, `status`, `template`, `viewed`, `date_added`, `date_modified`) VALUES ('65', '100001', '', '', '', '', '', '', '', '10000', '7', 'catalog/20117121516771.jpg', '1', '1', '100.0000', '0', '0', '2019-03-19', '0.00000000', '1', '0.00000000', '0.00000000', '0.00000000', '1', '0', '1', '1', '1', '', '0', '2019-03-19 15:57:50', '0000-00-00 00:00:00');
INSERT INTO `cnoc_product` (`product_id`, `model`, `sku`, `upc`, `ean`, `jan`, `isbn`, `mpn`, `location`, `quantity`, `stock_status_id`, `image`, `manufacturer_id`, `shipping`, `price`, `points`, `tax_class_id`, `date_available`, `weight`, `weight_class_id`, `length`, `width`, `height`, `length_class_id`, `subtract`, `minimum`, `sort_order`, `status`, `template`, `viewed`, `date_added`, `date_modified`) VALUES ('66', '100001', '', '', '', '', '', '', '', '10000', '7', 'catalog/20117121516771.jpg', '1', '1', '100.0000', '0', '0', '2019-03-19', '0.00000000', '1', '0.00000000', '0.00000000', '0.00000000', '1', '0', '1', '1', '1', '', '0', '2019-03-19 15:57:50', '0000-00-00 00:00:00');
INSERT INTO `cnoc_product` (`product_id`, `model`, `sku`, `upc`, `ean`, `jan`, `isbn`, `mpn`, `location`, `quantity`, `stock_status_id`, `image`, `manufacturer_id`, `shipping`, `price`, `points`, `tax_class_id`, `date_available`, `weight`, `weight_class_id`, `length`, `width`, `height`, `length_class_id`, `subtract`, `minimum`, `sort_order`, `status`, `template`, `viewed`, `date_added`, `date_modified`) VALUES ('67', '100001', '', '', '', '', '', '', '', '10000', '7', 'catalog/20117121516771.jpg', '1', '1', '100.0000', '0', '0', '2019-03-19', '0.00000000', '1', '0.00000000', '0.00000000', '0.00000000', '1', '0', '1', '1', '1', '', '0', '2019-03-19 15:57:50', '0000-00-00 00:00:00');
INSERT INTO `cnoc_product` (`product_id`, `model`, `sku`, `upc`, `ean`, `jan`, `isbn`, `mpn`, `location`, `quantity`, `stock_status_id`, `image`, `manufacturer_id`, `shipping`, `price`, `points`, `tax_class_id`, `date_available`, `weight`, `weight_class_id`, `length`, `width`, `height`, `length_class_id`, `subtract`, `minimum`, `sort_order`, `status`, `template`, `viewed`, `date_added`, `date_modified`) VALUES ('68', '100001', '', '', '', '', '', '', '', '10000', '7', 'catalog/20117121516771.jpg', '1', '1', '100.0000', '0', '0', '2019-03-19', '0.00000000', '1', '0.00000000', '0.00000000', '0.00000000', '1', '0', '1', '1', '1', '', '0', '2019-03-19 15:57:55', '0000-00-00 00:00:00');
INSERT INTO `cnoc_product` (`product_id`, `model`, `sku`, `upc`, `ean`, `jan`, `isbn`, `mpn`, `location`, `quantity`, `stock_status_id`, `image`, `manufacturer_id`, `shipping`, `price`, `points`, `tax_class_id`, `date_available`, `weight`, `weight_class_id`, `length`, `width`, `height`, `length_class_id`, `subtract`, `minimum`, `sort_order`, `status`, `template`, `viewed`, `date_added`, `date_modified`) VALUES ('69', '100001', '', '', '', '', '', '', '', '10000', '7', 'catalog/20117121516771.jpg', '1', '1', '100.0000', '0', '0', '2019-03-19', '0.00000000', '1', '0.00000000', '0.00000000', '0.00000000', '1', '0', '1', '1', '1', '', '0', '2019-03-19 15:57:55', '0000-00-00 00:00:00');
INSERT INTO `cnoc_product` (`product_id`, `model`, `sku`, `upc`, `ean`, `jan`, `isbn`, `mpn`, `location`, `quantity`, `stock_status_id`, `image`, `manufacturer_id`, `shipping`, `price`, `points`, `tax_class_id`, `date_available`, `weight`, `weight_class_id`, `length`, `width`, `height`, `length_class_id`, `subtract`, `minimum`, `sort_order`, `status`, `template`, `viewed`, `date_added`, `date_modified`) VALUES ('70', '100001', '', '', '', '', '', '', '', '10000', '7', 'catalog/20117121516771.jpg', '1', '1', '100.0000', '0', '0', '2019-03-19', '0.00000000', '1', '0.00000000', '0.00000000', '0.00000000', '1', '0', '1', '1', '1', '', '0', '2019-03-19 15:57:55', '0000-00-00 00:00:00');
INSERT INTO `cnoc_product` (`product_id`, `model`, `sku`, `upc`, `ean`, `jan`, `isbn`, `mpn`, `location`, `quantity`, `stock_status_id`, `image`, `manufacturer_id`, `shipping`, `price`, `points`, `tax_class_id`, `date_available`, `weight`, `weight_class_id`, `length`, `width`, `height`, `length_class_id`, `subtract`, `minimum`, `sort_order`, `status`, `template`, `viewed`, `date_added`, `date_modified`) VALUES ('71', '100001', '', '', '', '', '', '', '', '10000', '7', 'catalog/20117121516771.jpg', '1', '1', '100.0000', '0', '0', '2019-03-19', '0.00000000', '1', '0.00000000', '0.00000000', '0.00000000', '1', '0', '1', '1', '1', '', '0', '2019-03-19 15:57:55', '0000-00-00 00:00:00');
INSERT INTO `cnoc_product` (`product_id`, `model`, `sku`, `upc`, `ean`, `jan`, `isbn`, `mpn`, `location`, `quantity`, `stock_status_id`, `image`, `manufacturer_id`, `shipping`, `price`, `points`, `tax_class_id`, `date_available`, `weight`, `weight_class_id`, `length`, `width`, `height`, `length_class_id`, `subtract`, `minimum`, `sort_order`, `status`, `template`, `viewed`, `date_added`, `date_modified`) VALUES ('72', '100001', '', '', '', '', '', '', '', '10000', '7', 'catalog/20117121516771.jpg', '1', '1', '100.0000', '0', '0', '2019-03-19', '0.00000000', '1', '0.00000000', '0.00000000', '0.00000000', '1', '0', '1', '1', '1', '', '0', '2019-03-19 15:57:55', '0000-00-00 00:00:00');
INSERT INTO `cnoc_product` (`product_id`, `model`, `sku`, `upc`, `ean`, `jan`, `isbn`, `mpn`, `location`, `quantity`, `stock_status_id`, `image`, `manufacturer_id`, `shipping`, `price`, `points`, `tax_class_id`, `date_available`, `weight`, `weight_class_id`, `length`, `width`, `height`, `length_class_id`, `subtract`, `minimum`, `sort_order`, `status`, `template`, `viewed`, `date_added`, `date_modified`) VALUES ('73', '100001', '', '', '', '', '', '', '', '10000', '7', 'catalog/20117121516771.jpg', '1', '1', '100.0000', '0', '0', '2019-03-19', '0.00000000', '1', '0.00000000', '0.00000000', '0.00000000', '1', '0', '1', '1', '1', '', '1', '2019-03-19 15:57:55', '0000-00-00 00:00:00');
INSERT INTO `cnoc_product` (`product_id`, `model`, `sku`, `upc`, `ean`, `jan`, `isbn`, `mpn`, `location`, `quantity`, `stock_status_id`, `image`, `manufacturer_id`, `shipping`, `price`, `points`, `tax_class_id`, `date_available`, `weight`, `weight_class_id`, `length`, `width`, `height`, `length_class_id`, `subtract`, `minimum`, `sort_order`, `status`, `template`, `viewed`, `date_added`, `date_modified`) VALUES ('74', '100001', '', '', '', '', '', '', '', '10000', '7', 'catalog/20117121516771.jpg', '1', '1', '100.0000', '0', '0', '2019-03-19', '0.00000000', '1', '0.00000000', '0.00000000', '0.00000000', '1', '0', '1', '1', '1', '', '1', '2019-03-19 15:57:55', '0000-00-00 00:00:00');
INSERT INTO `cnoc_product` (`product_id`, `model`, `sku`, `upc`, `ean`, `jan`, `isbn`, `mpn`, `location`, `quantity`, `stock_status_id`, `image`, `manufacturer_id`, `shipping`, `price`, `points`, `tax_class_id`, `date_available`, `weight`, `weight_class_id`, `length`, `width`, `height`, `length_class_id`, `subtract`, `minimum`, `sort_order`, `status`, `template`, `viewed`, `date_added`, `date_modified`) VALUES ('75', '100001', '', '', '', '', '', '', '', '10000', '7', 'catalog/20117121516771.jpg', '1', '1', '100.0000', '0', '0', '2019-03-19', '0.00000000', '1', '0.00000000', '0.00000000', '0.00000000', '1', '0', '1', '1', '1', '', '0', '2019-03-19 15:57:55', '0000-00-00 00:00:00');
INSERT INTO `cnoc_product` (`product_id`, `model`, `sku`, `upc`, `ean`, `jan`, `isbn`, `mpn`, `location`, `quantity`, `stock_status_id`, `image`, `manufacturer_id`, `shipping`, `price`, `points`, `tax_class_id`, `date_available`, `weight`, `weight_class_id`, `length`, `width`, `height`, `length_class_id`, `subtract`, `minimum`, `sort_order`, `status`, `template`, `viewed`, `date_added`, `date_modified`) VALUES ('76', '100001', '', '', '', '', '', '', '', '10000', '7', 'catalog/20117121516771.jpg', '1', '1', '100.0000', '0', '0', '2019-03-19', '0.00000000', '1', '0.00000000', '0.00000000', '0.00000000', '1', '0', '1', '1', '1', '', '0', '2019-03-19 15:57:55', '0000-00-00 00:00:00');
INSERT INTO `cnoc_product` (`product_id`, `model`, `sku`, `upc`, `ean`, `jan`, `isbn`, `mpn`, `location`, `quantity`, `stock_status_id`, `image`, `manufacturer_id`, `shipping`, `price`, `points`, `tax_class_id`, `date_available`, `weight`, `weight_class_id`, `length`, `width`, `height`, `length_class_id`, `subtract`, `minimum`, `sort_order`, `status`, `template`, `viewed`, `date_added`, `date_modified`) VALUES ('77', '100001', '', '', '', '', '', '', '', '10000', '7', 'catalog/20117121516771.jpg', '1', '1', '100.0000', '0', '0', '2019-03-19', '0.00000000', '1', '0.00000000', '0.00000000', '0.00000000', '1', '0', '1', '1', '1', '', '0', '2019-03-19 15:57:55', '0000-00-00 00:00:00');
INSERT INTO `cnoc_product` (`product_id`, `model`, `sku`, `upc`, `ean`, `jan`, `isbn`, `mpn`, `location`, `quantity`, `stock_status_id`, `image`, `manufacturer_id`, `shipping`, `price`, `points`, `tax_class_id`, `date_available`, `weight`, `weight_class_id`, `length`, `width`, `height`, `length_class_id`, `subtract`, `minimum`, `sort_order`, `status`, `template`, `viewed`, `date_added`, `date_modified`) VALUES ('78', '100001', '', '', '', '', '', '', '', '10000', '7', 'catalog/20117121516771.jpg', '1', '1', '100.0000', '0', '0', '2019-03-19', '0.00000000', '1', '0.00000000', '0.00000000', '0.00000000', '1', '0', '1', '1', '1', '', '0', '2019-03-19 15:57:55', '0000-00-00 00:00:00');
INSERT INTO `cnoc_product` (`product_id`, `model`, `sku`, `upc`, `ean`, `jan`, `isbn`, `mpn`, `location`, `quantity`, `stock_status_id`, `image`, `manufacturer_id`, `shipping`, `price`, `points`, `tax_class_id`, `date_available`, `weight`, `weight_class_id`, `length`, `width`, `height`, `length_class_id`, `subtract`, `minimum`, `sort_order`, `status`, `template`, `viewed`, `date_added`, `date_modified`) VALUES ('79', '100001', '', '', '', '', '', '', '', '10000', '7', 'catalog/20117121516771.jpg', '1', '1', '100.0000', '0', '0', '2019-03-19', '0.00000000', '1', '0.00000000', '0.00000000', '0.00000000', '1', '0', '1', '1', '1', '', '0', '2019-03-19 15:57:55', '0000-00-00 00:00:00');
INSERT INTO `cnoc_product` (`product_id`, `model`, `sku`, `upc`, `ean`, `jan`, `isbn`, `mpn`, `location`, `quantity`, `stock_status_id`, `image`, `manufacturer_id`, `shipping`, `price`, `points`, `tax_class_id`, `date_available`, `weight`, `weight_class_id`, `length`, `width`, `height`, `length_class_id`, `subtract`, `minimum`, `sort_order`, `status`, `template`, `viewed`, `date_added`, `date_modified`) VALUES ('80', '100001', '', '', '', '', '', '', '', '10000', '7', 'catalog/20117121516771.jpg', '1', '1', '100.0000', '0', '0', '2019-03-19', '0.00000000', '1', '0.00000000', '0.00000000', '0.00000000', '1', '0', '1', '1', '1', '', '0', '2019-03-19 15:57:55', '0000-00-00 00:00:00');
INSERT INTO `cnoc_product` (`product_id`, `model`, `sku`, `upc`, `ean`, `jan`, `isbn`, `mpn`, `location`, `quantity`, `stock_status_id`, `image`, `manufacturer_id`, `shipping`, `price`, `points`, `tax_class_id`, `date_available`, `weight`, `weight_class_id`, `length`, `width`, `height`, `length_class_id`, `subtract`, `minimum`, `sort_order`, `status`, `template`, `viewed`, `date_added`, `date_modified`) VALUES ('81', '100001', '', '', '', '', '', '', '', '10000', '7', 'catalog/20117121516771.jpg', '1', '1', '100.0000', '0', '0', '2019-03-19', '0.00000000', '1', '0.00000000', '0.00000000', '0.00000000', '1', '0', '1', '1', '1', '', '0', '2019-03-19 15:57:55', '0000-00-00 00:00:00');
INSERT INTO `cnoc_product` (`product_id`, `model`, `sku`, `upc`, `ean`, `jan`, `isbn`, `mpn`, `location`, `quantity`, `stock_status_id`, `image`, `manufacturer_id`, `shipping`, `price`, `points`, `tax_class_id`, `date_available`, `weight`, `weight_class_id`, `length`, `width`, `height`, `length_class_id`, `subtract`, `minimum`, `sort_order`, `status`, `template`, `viewed`, `date_added`, `date_modified`) VALUES ('82', '100001', '', '', '', '', '', '', '', '10000', '7', 'catalog/20117121516771.jpg', '1', '1', '100.0000', '0', '0', '2019-03-19', '0.00000000', '1', '0.00000000', '0.00000000', '0.00000000', '1', '0', '1', '1', '1', '', '0', '2019-03-19 15:57:55', '0000-00-00 00:00:00');
INSERT INTO `cnoc_product` (`product_id`, `model`, `sku`, `upc`, `ean`, `jan`, `isbn`, `mpn`, `location`, `quantity`, `stock_status_id`, `image`, `manufacturer_id`, `shipping`, `price`, `points`, `tax_class_id`, `date_available`, `weight`, `weight_class_id`, `length`, `width`, `height`, `length_class_id`, `subtract`, `minimum`, `sort_order`, `status`, `template`, `viewed`, `date_added`, `date_modified`) VALUES ('83', '100001', '', '', '', '', '', '', '', '10000', '7', 'catalog/20117121516771.jpg', '1', '1', '100.0000', '0', '0', '2019-03-19', '0.00000000', '1', '0.00000000', '0.00000000', '0.00000000', '1', '0', '1', '1', '1', '', '0', '2019-03-19 15:57:55', '0000-00-00 00:00:00');
INSERT INTO `cnoc_product` (`product_id`, `model`, `sku`, `upc`, `ean`, `jan`, `isbn`, `mpn`, `location`, `quantity`, `stock_status_id`, `image`, `manufacturer_id`, `shipping`, `price`, `points`, `tax_class_id`, `date_available`, `weight`, `weight_class_id`, `length`, `width`, `height`, `length_class_id`, `subtract`, `minimum`, `sort_order`, `status`, `template`, `viewed`, `date_added`, `date_modified`) VALUES ('84', '100001', '', '', '', '', '', '', '', '10000', '7', 'catalog/20117121516771.jpg', '1', '1', '100.0000', '0', '0', '2019-03-19', '0.00000000', '1', '0.00000000', '0.00000000', '0.00000000', '1', '0', '1', '1', '1', '', '0', '2019-03-19 15:58:07', '0000-00-00 00:00:00');
INSERT INTO `cnoc_product` (`product_id`, `model`, `sku`, `upc`, `ean`, `jan`, `isbn`, `mpn`, `location`, `quantity`, `stock_status_id`, `image`, `manufacturer_id`, `shipping`, `price`, `points`, `tax_class_id`, `date_available`, `weight`, `weight_class_id`, `length`, `width`, `height`, `length_class_id`, `subtract`, `minimum`, `sort_order`, `status`, `template`, `viewed`, `date_added`, `date_modified`) VALUES ('85', '100001', '', '', '', '', '', '', '', '10000', '7', 'catalog/20117121516771.jpg', '1', '1', '100.0000', '0', '0', '2019-03-19', '0.00000000', '1', '0.00000000', '0.00000000', '0.00000000', '1', '0', '1', '1', '1', '', '1', '2019-03-19 15:58:07', '0000-00-00 00:00:00');
INSERT INTO `cnoc_product` (`product_id`, `model`, `sku`, `upc`, `ean`, `jan`, `isbn`, `mpn`, `location`, `quantity`, `stock_status_id`, `image`, `manufacturer_id`, `shipping`, `price`, `points`, `tax_class_id`, `date_available`, `weight`, `weight_class_id`, `length`, `width`, `height`, `length_class_id`, `subtract`, `minimum`, `sort_order`, `status`, `template`, `viewed`, `date_added`, `date_modified`) VALUES ('86', '100001', '', '', '', '', '', '', '', '10000', '7', 'catalog/20117121516771.jpg', '1', '1', '100.0000', '0', '0', '2019-03-19', '0.00000000', '1', '0.00000000', '0.00000000', '0.00000000', '1', '0', '1', '1', '1', '', '0', '2019-03-19 15:58:07', '0000-00-00 00:00:00');
INSERT INTO `cnoc_product` (`product_id`, `model`, `sku`, `upc`, `ean`, `jan`, `isbn`, `mpn`, `location`, `quantity`, `stock_status_id`, `image`, `manufacturer_id`, `shipping`, `price`, `points`, `tax_class_id`, `date_available`, `weight`, `weight_class_id`, `length`, `width`, `height`, `length_class_id`, `subtract`, `minimum`, `sort_order`, `status`, `template`, `viewed`, `date_added`, `date_modified`) VALUES ('87', '100001', '', '', '', '', '', '', '', '10000', '7', 'catalog/20117121516771.jpg', '1', '1', '100.0000', '0', '0', '2019-03-19', '0.00000000', '1', '0.00000000', '0.00000000', '0.00000000', '1', '0', '1', '1', '1', '', '0', '2019-03-19 15:58:07', '0000-00-00 00:00:00');
INSERT INTO `cnoc_product` (`product_id`, `model`, `sku`, `upc`, `ean`, `jan`, `isbn`, `mpn`, `location`, `quantity`, `stock_status_id`, `image`, `manufacturer_id`, `shipping`, `price`, `points`, `tax_class_id`, `date_available`, `weight`, `weight_class_id`, `length`, `width`, `height`, `length_class_id`, `subtract`, `minimum`, `sort_order`, `status`, `template`, `viewed`, `date_added`, `date_modified`) VALUES ('88', '100001', '', '', '', '', '', '', '', '10000', '7', 'catalog/20117121516771.jpg', '1', '1', '100.0000', '0', '0', '2019-03-19', '0.00000000', '1', '0.00000000', '0.00000000', '0.00000000', '1', '0', '1', '1', '1', '', '0', '2019-03-19 15:58:07', '0000-00-00 00:00:00');
INSERT INTO `cnoc_product` (`product_id`, `model`, `sku`, `upc`, `ean`, `jan`, `isbn`, `mpn`, `location`, `quantity`, `stock_status_id`, `image`, `manufacturer_id`, `shipping`, `price`, `points`, `tax_class_id`, `date_available`, `weight`, `weight_class_id`, `length`, `width`, `height`, `length_class_id`, `subtract`, `minimum`, `sort_order`, `status`, `template`, `viewed`, `date_added`, `date_modified`) VALUES ('89', '100001', '', '', '', '', '', '', '', '10000', '7', 'catalog/20117121516771.jpg', '1', '1', '100.0000', '0', '0', '2019-03-19', '0.00000000', '1', '0.00000000', '0.00000000', '0.00000000', '1', '0', '1', '1', '1', '', '2', '2019-03-19 15:58:07', '0000-00-00 00:00:00');
INSERT INTO `cnoc_product` (`product_id`, `model`, `sku`, `upc`, `ean`, `jan`, `isbn`, `mpn`, `location`, `quantity`, `stock_status_id`, `image`, `manufacturer_id`, `shipping`, `price`, `points`, `tax_class_id`, `date_available`, `weight`, `weight_class_id`, `length`, `width`, `height`, `length_class_id`, `subtract`, `minimum`, `sort_order`, `status`, `template`, `viewed`, `date_added`, `date_modified`) VALUES ('90', '100001', '', '', '', '', '', '', '', '10000', '7', 'catalog/20117121516771.jpg', '1', '1', '100.0000', '0', '0', '2019-03-19', '0.00000000', '1', '0.00000000', '0.00000000', '0.00000000', '1', '0', '1', '1', '1', '', '0', '2019-03-19 15:58:07', '0000-00-00 00:00:00');
INSERT INTO `cnoc_product` (`product_id`, `model`, `sku`, `upc`, `ean`, `jan`, `isbn`, `mpn`, `location`, `quantity`, `stock_status_id`, `image`, `manufacturer_id`, `shipping`, `price`, `points`, `tax_class_id`, `date_available`, `weight`, `weight_class_id`, `length`, `width`, `height`, `length_class_id`, `subtract`, `minimum`, `sort_order`, `status`, `template`, `viewed`, `date_added`, `date_modified`) VALUES ('91', '100001', '', '', '', '', '', '', '', '10000', '7', 'catalog/20117121516771.jpg', '1', '1', '100.0000', '0', '0', '2019-03-19', '0.00000000', '1', '0.00000000', '0.00000000', '0.00000000', '1', '0', '1', '1', '1', '', '0', '2019-03-19 15:58:07', '0000-00-00 00:00:00');
INSERT INTO `cnoc_product` (`product_id`, `model`, `sku`, `upc`, `ean`, `jan`, `isbn`, `mpn`, `location`, `quantity`, `stock_status_id`, `image`, `manufacturer_id`, `shipping`, `price`, `points`, `tax_class_id`, `date_available`, `weight`, `weight_class_id`, `length`, `width`, `height`, `length_class_id`, `subtract`, `minimum`, `sort_order`, `status`, `template`, `viewed`, `date_added`, `date_modified`) VALUES ('92', '100001', '', '', '', '', '', '', '', '10000', '7', 'catalog/20117121516771.jpg', '1', '1', '100.0000', '0', '0', '2019-03-19', '0.00000000', '1', '0.00000000', '0.00000000', '0.00000000', '1', '0', '1', '1', '1', '', '0', '2019-03-19 15:58:07', '0000-00-00 00:00:00');
INSERT INTO `cnoc_product` (`product_id`, `model`, `sku`, `upc`, `ean`, `jan`, `isbn`, `mpn`, `location`, `quantity`, `stock_status_id`, `image`, `manufacturer_id`, `shipping`, `price`, `points`, `tax_class_id`, `date_available`, `weight`, `weight_class_id`, `length`, `width`, `height`, `length_class_id`, `subtract`, `minimum`, `sort_order`, `status`, `template`, `viewed`, `date_added`, `date_modified`) VALUES ('93', '100001', '', '', '', '', '', '', '', '10000', '7', 'catalog/20117121516771.jpg', '1', '1', '100.0000', '0', '0', '2019-03-19', '0.00000000', '1', '0.00000000', '0.00000000', '0.00000000', '1', '0', '1', '1', '1', '', '0', '2019-03-19 15:58:07', '0000-00-00 00:00:00');
INSERT INTO `cnoc_product` (`product_id`, `model`, `sku`, `upc`, `ean`, `jan`, `isbn`, `mpn`, `location`, `quantity`, `stock_status_id`, `image`, `manufacturer_id`, `shipping`, `price`, `points`, `tax_class_id`, `date_available`, `weight`, `weight_class_id`, `length`, `width`, `height`, `length_class_id`, `subtract`, `minimum`, `sort_order`, `status`, `template`, `viewed`, `date_added`, `date_modified`) VALUES ('94', '100001', '', '', '', '', '', '', '', '10000', '7', 'catalog/20117121516771.jpg', '1', '1', '100.0000', '0', '0', '2019-03-19', '0.00000000', '1', '0.00000000', '0.00000000', '0.00000000', '1', '0', '1', '1', '1', '', '0', '2019-03-19 15:58:07', '0000-00-00 00:00:00');
INSERT INTO `cnoc_product` (`product_id`, `model`, `sku`, `upc`, `ean`, `jan`, `isbn`, `mpn`, `location`, `quantity`, `stock_status_id`, `image`, `manufacturer_id`, `shipping`, `price`, `points`, `tax_class_id`, `date_available`, `weight`, `weight_class_id`, `length`, `width`, `height`, `length_class_id`, `subtract`, `minimum`, `sort_order`, `status`, `template`, `viewed`, `date_added`, `date_modified`) VALUES ('95', '100001', '', '', '', '', '', '', '', '10000', '7', 'catalog/20117121516771.jpg', '1', '1', '100.0000', '0', '0', '2019-03-19', '0.00000000', '1', '0.00000000', '0.00000000', '0.00000000', '1', '0', '1', '1', '1', '', '0', '2019-03-19 15:58:07', '0000-00-00 00:00:00');
INSERT INTO `cnoc_product` (`product_id`, `model`, `sku`, `upc`, `ean`, `jan`, `isbn`, `mpn`, `location`, `quantity`, `stock_status_id`, `image`, `manufacturer_id`, `shipping`, `price`, `points`, `tax_class_id`, `date_available`, `weight`, `weight_class_id`, `length`, `width`, `height`, `length_class_id`, `subtract`, `minimum`, `sort_order`, `status`, `template`, `viewed`, `date_added`, `date_modified`) VALUES ('96', '100001', '', '', '', '', '', '', '', '10000', '7', 'catalog/20117121516771.jpg', '1', '1', '100.0000', '0', '0', '2019-03-19', '0.00000000', '1', '0.00000000', '0.00000000', '0.00000000', '1', '0', '1', '1', '1', '', '0', '2019-03-19 15:58:07', '0000-00-00 00:00:00');
INSERT INTO `cnoc_product` (`product_id`, `model`, `sku`, `upc`, `ean`, `jan`, `isbn`, `mpn`, `location`, `quantity`, `stock_status_id`, `image`, `manufacturer_id`, `shipping`, `price`, `points`, `tax_class_id`, `date_available`, `weight`, `weight_class_id`, `length`, `width`, `height`, `length_class_id`, `subtract`, `minimum`, `sort_order`, `status`, `template`, `viewed`, `date_added`, `date_modified`) VALUES ('97', '100001', '', '', '', '', '', '', '', '10000', '7', 'catalog/20117121516771.jpg', '1', '1', '100.0000', '0', '0', '2019-03-19', '0.00000000', '1', '0.00000000', '0.00000000', '0.00000000', '1', '0', '1', '1', '1', '', '0', '2019-03-19 15:58:07', '0000-00-00 00:00:00');
INSERT INTO `cnoc_product` (`product_id`, `model`, `sku`, `upc`, `ean`, `jan`, `isbn`, `mpn`, `location`, `quantity`, `stock_status_id`, `image`, `manufacturer_id`, `shipping`, `price`, `points`, `tax_class_id`, `date_available`, `weight`, `weight_class_id`, `length`, `width`, `height`, `length_class_id`, `subtract`, `minimum`, `sort_order`, `status`, `template`, `viewed`, `date_added`, `date_modified`) VALUES ('98', '100001', '', '', '', '', '', '', '', '10000', '7', 'catalog/20117121516771.jpg', '1', '1', '100.0000', '0', '0', '2019-03-19', '0.00000000', '1', '0.00000000', '0.00000000', '0.00000000', '1', '0', '1', '1', '1', '', '0', '2019-03-19 15:58:07', '0000-00-00 00:00:00');
INSERT INTO `cnoc_product` (`product_id`, `model`, `sku`, `upc`, `ean`, `jan`, `isbn`, `mpn`, `location`, `quantity`, `stock_status_id`, `image`, `manufacturer_id`, `shipping`, `price`, `points`, `tax_class_id`, `date_available`, `weight`, `weight_class_id`, `length`, `width`, `height`, `length_class_id`, `subtract`, `minimum`, `sort_order`, `status`, `template`, `viewed`, `date_added`, `date_modified`) VALUES ('99', '100001', '', '', '', '', '', '', '', '10000', '7', 'catalog/20117121516771.jpg', '1', '1', '100.0000', '0', '0', '2019-03-19', '0.00000000', '1', '0.00000000', '0.00000000', '0.00000000', '1', '0', '1', '1', '1', '', '0', '2019-03-19 15:58:07', '0000-00-00 00:00:00');
INSERT INTO `cnoc_product` (`product_id`, `model`, `sku`, `upc`, `ean`, `jan`, `isbn`, `mpn`, `location`, `quantity`, `stock_status_id`, `image`, `manufacturer_id`, `shipping`, `price`, `points`, `tax_class_id`, `date_available`, `weight`, `weight_class_id`, `length`, `width`, `height`, `length_class_id`, `subtract`, `minimum`, `sort_order`, `status`, `template`, `viewed`, `date_added`, `date_modified`) VALUES ('100', '100001', '', '', '', '', '', '', '', '10000', '7', 'catalog/20117121516771.jpg', '1', '1', '100.0000', '0', '0', '2019-03-19', '0.00000000', '1', '0.00000000', '0.00000000', '0.00000000', '1', '0', '1', '1', '1', '', '0', '2019-03-19 15:58:07', '0000-00-00 00:00:00');
INSERT INTO `cnoc_product` (`product_id`, `model`, `sku`, `upc`, `ean`, `jan`, `isbn`, `mpn`, `location`, `quantity`, `stock_status_id`, `image`, `manufacturer_id`, `shipping`, `price`, `points`, `tax_class_id`, `date_available`, `weight`, `weight_class_id`, `length`, `width`, `height`, `length_class_id`, `subtract`, `minimum`, `sort_order`, `status`, `template`, `viewed`, `date_added`, `date_modified`) VALUES ('101', '100001', '', '', '', '', '', '', '', '10000', '7', 'catalog/20117121516771.jpg', '1', '1', '100.0000', '0', '0', '2019-03-19', '0.00000000', '1', '0.00000000', '0.00000000', '0.00000000', '1', '0', '1', '1', '1', '', '0', '2019-03-19 15:58:07', '0000-00-00 00:00:00');
INSERT INTO `cnoc_product` (`product_id`, `model`, `sku`, `upc`, `ean`, `jan`, `isbn`, `mpn`, `location`, `quantity`, `stock_status_id`, `image`, `manufacturer_id`, `shipping`, `price`, `points`, `tax_class_id`, `date_available`, `weight`, `weight_class_id`, `length`, `width`, `height`, `length_class_id`, `subtract`, `minimum`, `sort_order`, `status`, `template`, `viewed`, `date_added`, `date_modified`) VALUES ('102', '100001', '', '', '', '', '', '', '', '10000', '7', 'catalog/20117121516771.jpg', '1', '1', '100.0000', '0', '0', '2019-03-19', '0.00000000', '1', '0.00000000', '0.00000000', '0.00000000', '1', '0', '1', '1', '1', '', '0', '2019-03-19 15:58:07', '0000-00-00 00:00:00');
INSERT INTO `cnoc_product` (`product_id`, `model`, `sku`, `upc`, `ean`, `jan`, `isbn`, `mpn`, `location`, `quantity`, `stock_status_id`, `image`, `manufacturer_id`, `shipping`, `price`, `points`, `tax_class_id`, `date_available`, `weight`, `weight_class_id`, `length`, `width`, `height`, `length_class_id`, `subtract`, `minimum`, `sort_order`, `status`, `template`, `viewed`, `date_added`, `date_modified`) VALUES ('103', '100001', '', '', '', '', '', '', '', '10000', '7', 'catalog/20117121516771.jpg', '1', '1', '100.0000', '0', '0', '2019-03-19', '0.00000000', '1', '0.00000000', '0.00000000', '0.00000000', '1', '0', '1', '1', '1', '', '0', '2019-03-19 15:58:07', '2019-03-19 16:14:06');




INSERT INTO `cnoc_product_description` (`product_id`, `language_id`, `name`, `description`, `tag`, `meta_title`, `meta_description`, `meta_keyword`) VALUES ('60', '3', '产品演示', '&lt;p&gt;产品演示&lt;br&gt;&lt;/p&gt;', '', '', '', '');
INSERT INTO `cnoc_product_description` (`product_id`, `language_id`, `name`, `description`, `tag`, `meta_title`, `meta_description`, `meta_keyword`) VALUES ('59', '3', '产品演示', '&lt;p&gt;产品演示&lt;br&gt;&lt;/p&gt;', '', '', '', '');
INSERT INTO `cnoc_product_description` (`product_id`, `language_id`, `name`, `description`, `tag`, `meta_title`, `meta_description`, `meta_keyword`) VALUES ('59', '1', '产品演示', '&lt;p&gt;产品演示&lt;br&gt;&lt;/p&gt;', '', '', '', '');
INSERT INTO `cnoc_product_description` (`product_id`, `language_id`, `name`, `description`, `tag`, `meta_title`, `meta_description`, `meta_keyword`) VALUES ('55', '1', '产品演示', '&lt;p&gt;产品演示&lt;br&gt;&lt;/p&gt;', '', '', '', '');
INSERT INTO `cnoc_product_description` (`product_id`, `language_id`, `name`, `description`, `tag`, `meta_title`, `meta_description`, `meta_keyword`) VALUES ('54', '3', '产品演示', '&lt;p&gt;产品演示&lt;br&gt;&lt;/p&gt;', '', '', '', '');
INSERT INTO `cnoc_product_description` (`product_id`, `language_id`, `name`, `description`, `tag`, `meta_title`, `meta_description`, `meta_keyword`) VALUES ('60', '1', '产品演示', '&lt;p&gt;产品演示&lt;br&gt;&lt;/p&gt;', '', '', '', '');
INSERT INTO `cnoc_product_description` (`product_id`, `language_id`, `name`, `description`, `tag`, `meta_title`, `meta_description`, `meta_keyword`) VALUES ('60', '2', 'Demo', '&lt;p&gt;Demo&lt;br&gt;&lt;/p&gt;', 'Demo', '', '', '');
INSERT INTO `cnoc_product_description` (`product_id`, `language_id`, `name`, `description`, `tag`, `meta_title`, `meta_description`, `meta_keyword`) VALUES ('55', '2', 'Demo', '&lt;p&gt;Demo&lt;br&gt;&lt;/p&gt;', 'Demo', '', '', '');
INSERT INTO `cnoc_product_description` (`product_id`, `language_id`, `name`, `description`, `tag`, `meta_title`, `meta_description`, `meta_keyword`) VALUES ('58', '1', '产品演示', '&lt;p&gt;产品演示&lt;br&gt;&lt;/p&gt;', '', '', '', '');
INSERT INTO `cnoc_product_description` (`product_id`, `language_id`, `name`, `description`, `tag`, `meta_title`, `meta_description`, `meta_keyword`) VALUES ('58', '2', 'Demo', '&lt;p&gt;Demo&lt;br&gt;&lt;/p&gt;', 'Demo', '', '', '');
INSERT INTO `cnoc_product_description` (`product_id`, `language_id`, `name`, `description`, `tag`, `meta_title`, `meta_description`, `meta_keyword`) VALUES ('58', '3', '产品演示', '&lt;p&gt;产品演示&lt;br&gt;&lt;/p&gt;', '', '', '', '');
INSERT INTO `cnoc_product_description` (`product_id`, `language_id`, `name`, `description`, `tag`, `meta_title`, `meta_description`, `meta_keyword`) VALUES ('56', '3', '产品演示', '&lt;p&gt;产品演示&lt;br&gt;&lt;/p&gt;', '', '', '', '');
INSERT INTO `cnoc_product_description` (`product_id`, `language_id`, `name`, `description`, `tag`, `meta_title`, `meta_description`, `meta_keyword`) VALUES ('57', '1', '产品演示', '&lt;p&gt;产品演示&lt;br&gt;&lt;/p&gt;', '', '', '', '');
INSERT INTO `cnoc_product_description` (`product_id`, `language_id`, `name`, `description`, `tag`, `meta_title`, `meta_description`, `meta_keyword`) VALUES ('57', '2', 'Demo', '&lt;p&gt;Demo&lt;br&gt;&lt;/p&gt;', 'Demo', '', '', '');
INSERT INTO `cnoc_product_description` (`product_id`, `language_id`, `name`, `description`, `tag`, `meta_title`, `meta_description`, `meta_keyword`) VALUES ('56', '2', 'Demo', '&lt;p&gt;Demo&lt;br&gt;&lt;/p&gt;', 'Demo', '', '', '');
INSERT INTO `cnoc_product_description` (`product_id`, `language_id`, `name`, `description`, `tag`, `meta_title`, `meta_description`, `meta_keyword`) VALUES ('56', '1', '产品演示', '&lt;p&gt;产品演示&lt;br&gt;&lt;/p&gt;', '', '', '', '');
INSERT INTO `cnoc_product_description` (`product_id`, `language_id`, `name`, `description`, `tag`, `meta_title`, `meta_description`, `meta_keyword`) VALUES ('57', '3', '产品演示', '&lt;p&gt;产品演示&lt;br&gt;&lt;/p&gt;', '', '', '', '');
INSERT INTO `cnoc_product_description` (`product_id`, `language_id`, `name`, `description`, `tag`, `meta_title`, `meta_description`, `meta_keyword`) VALUES ('59', '2', 'Demo', '&lt;p&gt;Demo&lt;br&gt;&lt;/p&gt;', 'Demo', '', '', '');
INSERT INTO `cnoc_product_description` (`product_id`, `language_id`, `name`, `description`, `tag`, `meta_title`, `meta_description`, `meta_keyword`) VALUES ('55', '3', '产品演示', '&lt;p&gt;产品演示&lt;br&gt;&lt;/p&gt;', '', '', '', '');
INSERT INTO `cnoc_product_description` (`product_id`, `language_id`, `name`, `description`, `tag`, `meta_title`, `meta_description`, `meta_keyword`) VALUES ('52', '1', '产品演示', '&lt;p&gt;产品演示&lt;br&gt;&lt;/p&gt;', '', '', '', '');
INSERT INTO `cnoc_product_description` (`product_id`, `language_id`, `name`, `description`, `tag`, `meta_title`, `meta_description`, `meta_keyword`) VALUES ('52', '3', '产品演示', '&lt;p&gt;产品演示&lt;br&gt;&lt;/p&gt;', '', '', '', '');
INSERT INTO `cnoc_product_description` (`product_id`, `language_id`, `name`, `description`, `tag`, `meta_title`, `meta_description`, `meta_keyword`) VALUES ('52', '2', 'Demo', '&lt;p&gt;Demo&lt;br&gt;&lt;/p&gt;', 'Demo', '', '', '');
INSERT INTO `cnoc_product_description` (`product_id`, `language_id`, `name`, `description`, `tag`, `meta_title`, `meta_description`, `meta_keyword`) VALUES ('53', '1', '产品演示', '&lt;p&gt;产品演示&lt;br&gt;&lt;/p&gt;', '', '', '', '');
INSERT INTO `cnoc_product_description` (`product_id`, `language_id`, `name`, `description`, `tag`, `meta_title`, `meta_description`, `meta_keyword`) VALUES ('53', '2', 'Demo', '&lt;p&gt;Demo&lt;br&gt;&lt;/p&gt;', 'Demo', '', '', '');
INSERT INTO `cnoc_product_description` (`product_id`, `language_id`, `name`, `description`, `tag`, `meta_title`, `meta_description`, `meta_keyword`) VALUES ('53', '3', '产品演示', '&lt;p&gt;产品演示&lt;br&gt;&lt;/p&gt;', '', '', '', '');
INSERT INTO `cnoc_product_description` (`product_id`, `language_id`, `name`, `description`, `tag`, `meta_title`, `meta_description`, `meta_keyword`) VALUES ('54', '1', '产品演示', '&lt;p&gt;产品演示&lt;br&gt;&lt;/p&gt;', '', '', '', '');
INSERT INTO `cnoc_product_description` (`product_id`, `language_id`, `name`, `description`, `tag`, `meta_title`, `meta_description`, `meta_keyword`) VALUES ('54', '2', 'Demo', '&lt;p&gt;Demo&lt;br&gt;&lt;/p&gt;', 'Demo', '', '', '');
INSERT INTO `cnoc_product_description` (`product_id`, `language_id`, `name`, `description`, `tag`, `meta_title`, `meta_description`, `meta_keyword`) VALUES ('61', '1', '产品演示', '&lt;p&gt;产品演示&lt;br&gt;&lt;/p&gt;', '', '', '', '');
INSERT INTO `cnoc_product_description` (`product_id`, `language_id`, `name`, `description`, `tag`, `meta_title`, `meta_description`, `meta_keyword`) VALUES ('61', '2', 'Demo', '&lt;p&gt;Demo&lt;br&gt;&lt;/p&gt;', 'Demo', '', '', '');
INSERT INTO `cnoc_product_description` (`product_id`, `language_id`, `name`, `description`, `tag`, `meta_title`, `meta_description`, `meta_keyword`) VALUES ('61', '3', '产品演示', '&lt;p&gt;产品演示&lt;br&gt;&lt;/p&gt;', '', '', '', '');
INSERT INTO `cnoc_product_description` (`product_id`, `language_id`, `name`, `description`, `tag`, `meta_title`, `meta_description`, `meta_keyword`) VALUES ('62', '1', '产品演示', '&lt;p&gt;产品演示&lt;br&gt;&lt;/p&gt;', '', '', '', '');
INSERT INTO `cnoc_product_description` (`product_id`, `language_id`, `name`, `description`, `tag`, `meta_title`, `meta_description`, `meta_keyword`) VALUES ('62', '2', 'Demo', '&lt;p&gt;Demo&lt;br&gt;&lt;/p&gt;', 'Demo', '', '', '');
INSERT INTO `cnoc_product_description` (`product_id`, `language_id`, `name`, `description`, `tag`, `meta_title`, `meta_description`, `meta_keyword`) VALUES ('62', '3', '产品演示', '&lt;p&gt;产品演示&lt;br&gt;&lt;/p&gt;', '', '', '', '');
INSERT INTO `cnoc_product_description` (`product_id`, `language_id`, `name`, `description`, `tag`, `meta_title`, `meta_description`, `meta_keyword`) VALUES ('63', '1', '产品演示', '&lt;p&gt;产品演示&lt;br&gt;&lt;/p&gt;', '', '', '', '');
INSERT INTO `cnoc_product_description` (`product_id`, `language_id`, `name`, `description`, `tag`, `meta_title`, `meta_description`, `meta_keyword`) VALUES ('63', '2', 'Demo', '&lt;p&gt;Demo&lt;br&gt;&lt;/p&gt;', 'Demo', '', '', '');
INSERT INTO `cnoc_product_description` (`product_id`, `language_id`, `name`, `description`, `tag`, `meta_title`, `meta_description`, `meta_keyword`) VALUES ('63', '3', '产品演示', '&lt;p&gt;产品演示&lt;br&gt;&lt;/p&gt;', '', '', '', '');
INSERT INTO `cnoc_product_description` (`product_id`, `language_id`, `name`, `description`, `tag`, `meta_title`, `meta_description`, `meta_keyword`) VALUES ('64', '1', '产品演示', '&lt;p&gt;产品演示&lt;br&gt;&lt;/p&gt;', '', '', '', '');
INSERT INTO `cnoc_product_description` (`product_id`, `language_id`, `name`, `description`, `tag`, `meta_title`, `meta_description`, `meta_keyword`) VALUES ('64', '2', 'Demo', '&lt;p&gt;Demo&lt;br&gt;&lt;/p&gt;', 'Demo', '', '', '');
INSERT INTO `cnoc_product_description` (`product_id`, `language_id`, `name`, `description`, `tag`, `meta_title`, `meta_description`, `meta_keyword`) VALUES ('64', '3', '产品演示', '&lt;p&gt;产品演示&lt;br&gt;&lt;/p&gt;', '', '', '', '');
INSERT INTO `cnoc_product_description` (`product_id`, `language_id`, `name`, `description`, `tag`, `meta_title`, `meta_description`, `meta_keyword`) VALUES ('65', '1', '产品演示', '&lt;p&gt;产品演示&lt;br&gt;&lt;/p&gt;', '', '', '', '');
INSERT INTO `cnoc_product_description` (`product_id`, `language_id`, `name`, `description`, `tag`, `meta_title`, `meta_description`, `meta_keyword`) VALUES ('65', '2', 'Demo', '&lt;p&gt;Demo&lt;br&gt;&lt;/p&gt;', 'Demo', '', '', '');
INSERT INTO `cnoc_product_description` (`product_id`, `language_id`, `name`, `description`, `tag`, `meta_title`, `meta_description`, `meta_keyword`) VALUES ('65', '3', '产品演示', '&lt;p&gt;产品演示&lt;br&gt;&lt;/p&gt;', '', '', '', '');
INSERT INTO `cnoc_product_description` (`product_id`, `language_id`, `name`, `description`, `tag`, `meta_title`, `meta_description`, `meta_keyword`) VALUES ('66', '1', '产品演示', '&lt;p&gt;产品演示&lt;br&gt;&lt;/p&gt;', '', '', '', '');
INSERT INTO `cnoc_product_description` (`product_id`, `language_id`, `name`, `description`, `tag`, `meta_title`, `meta_description`, `meta_keyword`) VALUES ('66', '2', 'Demo', '&lt;p&gt;Demo&lt;br&gt;&lt;/p&gt;', 'Demo', '', '', '');
INSERT INTO `cnoc_product_description` (`product_id`, `language_id`, `name`, `description`, `tag`, `meta_title`, `meta_description`, `meta_keyword`) VALUES ('66', '3', '产品演示', '&lt;p&gt;产品演示&lt;br&gt;&lt;/p&gt;', '', '', '', '');
INSERT INTO `cnoc_product_description` (`product_id`, `language_id`, `name`, `description`, `tag`, `meta_title`, `meta_description`, `meta_keyword`) VALUES ('67', '1', '产品演示', '&lt;p&gt;产品演示&lt;br&gt;&lt;/p&gt;', '', '', '', '');
INSERT INTO `cnoc_product_description` (`product_id`, `language_id`, `name`, `description`, `tag`, `meta_title`, `meta_description`, `meta_keyword`) VALUES ('67', '2', 'Demo', '&lt;p&gt;Demo&lt;br&gt;&lt;/p&gt;', 'Demo', '', '', '');
INSERT INTO `cnoc_product_description` (`product_id`, `language_id`, `name`, `description`, `tag`, `meta_title`, `meta_description`, `meta_keyword`) VALUES ('67', '3', '产品演示', '&lt;p&gt;产品演示&lt;br&gt;&lt;/p&gt;', '', '', '', '');
INSERT INTO `cnoc_product_description` (`product_id`, `language_id`, `name`, `description`, `tag`, `meta_title`, `meta_description`, `meta_keyword`) VALUES ('68', '1', '产品演示', '&lt;p&gt;产品演示&lt;br&gt;&lt;/p&gt;', '', '', '', '');
INSERT INTO `cnoc_product_description` (`product_id`, `language_id`, `name`, `description`, `tag`, `meta_title`, `meta_description`, `meta_keyword`) VALUES ('68', '2', 'Demo', '&lt;p&gt;Demo&lt;br&gt;&lt;/p&gt;', 'Demo', '', '', '');
INSERT INTO `cnoc_product_description` (`product_id`, `language_id`, `name`, `description`, `tag`, `meta_title`, `meta_description`, `meta_keyword`) VALUES ('68', '3', '产品演示', '&lt;p&gt;产品演示&lt;br&gt;&lt;/p&gt;', '', '', '', '');
INSERT INTO `cnoc_product_description` (`product_id`, `language_id`, `name`, `description`, `tag`, `meta_title`, `meta_description`, `meta_keyword`) VALUES ('69', '1', '产品演示', '&lt;p&gt;产品演示&lt;br&gt;&lt;/p&gt;', '', '', '', '');
INSERT INTO `cnoc_product_description` (`product_id`, `language_id`, `name`, `description`, `tag`, `meta_title`, `meta_description`, `meta_keyword`) VALUES ('69', '2', 'Demo', '&lt;p&gt;Demo&lt;br&gt;&lt;/p&gt;', 'Demo', '', '', '');
INSERT INTO `cnoc_product_description` (`product_id`, `language_id`, `name`, `description`, `tag`, `meta_title`, `meta_description`, `meta_keyword`) VALUES ('69', '3', '产品演示', '&lt;p&gt;产品演示&lt;br&gt;&lt;/p&gt;', '', '', '', '');
INSERT INTO `cnoc_product_description` (`product_id`, `language_id`, `name`, `description`, `tag`, `meta_title`, `meta_description`, `meta_keyword`) VALUES ('70', '1', '产品演示', '&lt;p&gt;产品演示&lt;br&gt;&lt;/p&gt;', '', '', '', '');
INSERT INTO `cnoc_product_description` (`product_id`, `language_id`, `name`, `description`, `tag`, `meta_title`, `meta_description`, `meta_keyword`) VALUES ('70', '2', 'Demo', '&lt;p&gt;Demo&lt;br&gt;&lt;/p&gt;', 'Demo', '', '', '');
INSERT INTO `cnoc_product_description` (`product_id`, `language_id`, `name`, `description`, `tag`, `meta_title`, `meta_description`, `meta_keyword`) VALUES ('70', '3', '产品演示', '&lt;p&gt;产品演示&lt;br&gt;&lt;/p&gt;', '', '', '', '');
INSERT INTO `cnoc_product_description` (`product_id`, `language_id`, `name`, `description`, `tag`, `meta_title`, `meta_description`, `meta_keyword`) VALUES ('71', '1', '产品演示', '&lt;p&gt;产品演示&lt;br&gt;&lt;/p&gt;', '', '', '', '');
INSERT INTO `cnoc_product_description` (`product_id`, `language_id`, `name`, `description`, `tag`, `meta_title`, `meta_description`, `meta_keyword`) VALUES ('71', '2', 'Demo', '&lt;p&gt;Demo&lt;br&gt;&lt;/p&gt;', 'Demo', '', '', '');
INSERT INTO `cnoc_product_description` (`product_id`, `language_id`, `name`, `description`, `tag`, `meta_title`, `meta_description`, `meta_keyword`) VALUES ('71', '3', '产品演示', '&lt;p&gt;产品演示&lt;br&gt;&lt;/p&gt;', '', '', '', '');
INSERT INTO `cnoc_product_description` (`product_id`, `language_id`, `name`, `description`, `tag`, `meta_title`, `meta_description`, `meta_keyword`) VALUES ('72', '1', '产品演示', '&lt;p&gt;产品演示&lt;br&gt;&lt;/p&gt;', '', '', '', '');
INSERT INTO `cnoc_product_description` (`product_id`, `language_id`, `name`, `description`, `tag`, `meta_title`, `meta_description`, `meta_keyword`) VALUES ('72', '2', 'Demo', '&lt;p&gt;Demo&lt;br&gt;&lt;/p&gt;', 'Demo', '', '', '');
INSERT INTO `cnoc_product_description` (`product_id`, `language_id`, `name`, `description`, `tag`, `meta_title`, `meta_description`, `meta_keyword`) VALUES ('72', '3', '产品演示', '&lt;p&gt;产品演示&lt;br&gt;&lt;/p&gt;', '', '', '', '');
INSERT INTO `cnoc_product_description` (`product_id`, `language_id`, `name`, `description`, `tag`, `meta_title`, `meta_description`, `meta_keyword`) VALUES ('73', '1', '产品演示', '&lt;p&gt;产品演示&lt;br&gt;&lt;/p&gt;', '', '', '', '');
INSERT INTO `cnoc_product_description` (`product_id`, `language_id`, `name`, `description`, `tag`, `meta_title`, `meta_description`, `meta_keyword`) VALUES ('73', '2', 'Demo', '&lt;p&gt;Demo&lt;br&gt;&lt;/p&gt;', 'Demo', '', '', '');
INSERT INTO `cnoc_product_description` (`product_id`, `language_id`, `name`, `description`, `tag`, `meta_title`, `meta_description`, `meta_keyword`) VALUES ('73', '3', '产品演示', '&lt;p&gt;产品演示&lt;br&gt;&lt;/p&gt;', '', '', '', '');
INSERT INTO `cnoc_product_description` (`product_id`, `language_id`, `name`, `description`, `tag`, `meta_title`, `meta_description`, `meta_keyword`) VALUES ('74', '1', '产品演示', '&lt;p&gt;产品演示&lt;br&gt;&lt;/p&gt;', '', '', '', '');
INSERT INTO `cnoc_product_description` (`product_id`, `language_id`, `name`, `description`, `tag`, `meta_title`, `meta_description`, `meta_keyword`) VALUES ('74', '2', 'Demo', '&lt;p&gt;Demo&lt;br&gt;&lt;/p&gt;', 'Demo', '', '', '');
INSERT INTO `cnoc_product_description` (`product_id`, `language_id`, `name`, `description`, `tag`, `meta_title`, `meta_description`, `meta_keyword`) VALUES ('74', '3', '产品演示', '&lt;p&gt;产品演示&lt;br&gt;&lt;/p&gt;', '', '', '', '');
INSERT INTO `cnoc_product_description` (`product_id`, `language_id`, `name`, `description`, `tag`, `meta_title`, `meta_description`, `meta_keyword`) VALUES ('75', '1', '产品演示', '&lt;p&gt;产品演示&lt;br&gt;&lt;/p&gt;', '', '', '', '');
INSERT INTO `cnoc_product_description` (`product_id`, `language_id`, `name`, `description`, `tag`, `meta_title`, `meta_description`, `meta_keyword`) VALUES ('75', '2', 'Demo', '&lt;p&gt;Demo&lt;br&gt;&lt;/p&gt;', 'Demo', '', '', '');
INSERT INTO `cnoc_product_description` (`product_id`, `language_id`, `name`, `description`, `tag`, `meta_title`, `meta_description`, `meta_keyword`) VALUES ('75', '3', '产品演示', '&lt;p&gt;产品演示&lt;br&gt;&lt;/p&gt;', '', '', '', '');
INSERT INTO `cnoc_product_description` (`product_id`, `language_id`, `name`, `description`, `tag`, `meta_title`, `meta_description`, `meta_keyword`) VALUES ('76', '1', '产品演示', '&lt;p&gt;产品演示&lt;br&gt;&lt;/p&gt;', '', '', '', '');
INSERT INTO `cnoc_product_description` (`product_id`, `language_id`, `name`, `description`, `tag`, `meta_title`, `meta_description`, `meta_keyword`) VALUES ('76', '2', 'Demo', '&lt;p&gt;Demo&lt;br&gt;&lt;/p&gt;', 'Demo', '', '', '');
INSERT INTO `cnoc_product_description` (`product_id`, `language_id`, `name`, `description`, `tag`, `meta_title`, `meta_description`, `meta_keyword`) VALUES ('76', '3', '产品演示', '&lt;p&gt;产品演示&lt;br&gt;&lt;/p&gt;', '', '', '', '');
INSERT INTO `cnoc_product_description` (`product_id`, `language_id`, `name`, `description`, `tag`, `meta_title`, `meta_description`, `meta_keyword`) VALUES ('77', '1', '产品演示', '&lt;p&gt;产品演示&lt;br&gt;&lt;/p&gt;', '', '', '', '');
INSERT INTO `cnoc_product_description` (`product_id`, `language_id`, `name`, `description`, `tag`, `meta_title`, `meta_description`, `meta_keyword`) VALUES ('77', '2', 'Demo', '&lt;p&gt;Demo&lt;br&gt;&lt;/p&gt;', 'Demo', '', '', '');
INSERT INTO `cnoc_product_description` (`product_id`, `language_id`, `name`, `description`, `tag`, `meta_title`, `meta_description`, `meta_keyword`) VALUES ('77', '3', '产品演示', '&lt;p&gt;产品演示&lt;br&gt;&lt;/p&gt;', '', '', '', '');
INSERT INTO `cnoc_product_description` (`product_id`, `language_id`, `name`, `description`, `tag`, `meta_title`, `meta_description`, `meta_keyword`) VALUES ('78', '1', '产品演示', '&lt;p&gt;产品演示&lt;br&gt;&lt;/p&gt;', '', '', '', '');
INSERT INTO `cnoc_product_description` (`product_id`, `language_id`, `name`, `description`, `tag`, `meta_title`, `meta_description`, `meta_keyword`) VALUES ('78', '2', 'Demo', '&lt;p&gt;Demo&lt;br&gt;&lt;/p&gt;', 'Demo', '', '', '');
INSERT INTO `cnoc_product_description` (`product_id`, `language_id`, `name`, `description`, `tag`, `meta_title`, `meta_description`, `meta_keyword`) VALUES ('78', '3', '产品演示', '&lt;p&gt;产品演示&lt;br&gt;&lt;/p&gt;', '', '', '', '');
INSERT INTO `cnoc_product_description` (`product_id`, `language_id`, `name`, `description`, `tag`, `meta_title`, `meta_description`, `meta_keyword`) VALUES ('79', '1', '产品演示', '&lt;p&gt;产品演示&lt;br&gt;&lt;/p&gt;', '', '', '', '');
INSERT INTO `cnoc_product_description` (`product_id`, `language_id`, `name`, `description`, `tag`, `meta_title`, `meta_description`, `meta_keyword`) VALUES ('79', '2', 'Demo', '&lt;p&gt;Demo&lt;br&gt;&lt;/p&gt;', 'Demo', '', '', '');
INSERT INTO `cnoc_product_description` (`product_id`, `language_id`, `name`, `description`, `tag`, `meta_title`, `meta_description`, `meta_keyword`) VALUES ('79', '3', '产品演示', '&lt;p&gt;产品演示&lt;br&gt;&lt;/p&gt;', '', '', '', '');
INSERT INTO `cnoc_product_description` (`product_id`, `language_id`, `name`, `description`, `tag`, `meta_title`, `meta_description`, `meta_keyword`) VALUES ('80', '1', '产品演示', '&lt;p&gt;产品演示&lt;br&gt;&lt;/p&gt;', '', '', '', '');
INSERT INTO `cnoc_product_description` (`product_id`, `language_id`, `name`, `description`, `tag`, `meta_title`, `meta_description`, `meta_keyword`) VALUES ('80', '2', 'Demo', '&lt;p&gt;Demo&lt;br&gt;&lt;/p&gt;', 'Demo', '', '', '');
INSERT INTO `cnoc_product_description` (`product_id`, `language_id`, `name`, `description`, `tag`, `meta_title`, `meta_description`, `meta_keyword`) VALUES ('80', '3', '产品演示', '&lt;p&gt;产品演示&lt;br&gt;&lt;/p&gt;', '', '', '', '');
INSERT INTO `cnoc_product_description` (`product_id`, `language_id`, `name`, `description`, `tag`, `meta_title`, `meta_description`, `meta_keyword`) VALUES ('81', '1', '产品演示', '&lt;p&gt;产品演示&lt;br&gt;&lt;/p&gt;', '', '', '', '');
INSERT INTO `cnoc_product_description` (`product_id`, `language_id`, `name`, `description`, `tag`, `meta_title`, `meta_description`, `meta_keyword`) VALUES ('81', '2', 'Demo', '&lt;p&gt;Demo&lt;br&gt;&lt;/p&gt;', 'Demo', '', '', '');
INSERT INTO `cnoc_product_description` (`product_id`, `language_id`, `name`, `description`, `tag`, `meta_title`, `meta_description`, `meta_keyword`) VALUES ('81', '3', '产品演示', '&lt;p&gt;产品演示&lt;br&gt;&lt;/p&gt;', '', '', '', '');
INSERT INTO `cnoc_product_description` (`product_id`, `language_id`, `name`, `description`, `tag`, `meta_title`, `meta_description`, `meta_keyword`) VALUES ('82', '1', '产品演示', '&lt;p&gt;产品演示&lt;br&gt;&lt;/p&gt;', '', '', '', '');
INSERT INTO `cnoc_product_description` (`product_id`, `language_id`, `name`, `description`, `tag`, `meta_title`, `meta_description`, `meta_keyword`) VALUES ('82', '2', 'Demo', '&lt;p&gt;Demo&lt;br&gt;&lt;/p&gt;', 'Demo', '', '', '');
INSERT INTO `cnoc_product_description` (`product_id`, `language_id`, `name`, `description`, `tag`, `meta_title`, `meta_description`, `meta_keyword`) VALUES ('82', '3', '产品演示', '&lt;p&gt;产品演示&lt;br&gt;&lt;/p&gt;', '', '', '', '');
INSERT INTO `cnoc_product_description` (`product_id`, `language_id`, `name`, `description`, `tag`, `meta_title`, `meta_description`, `meta_keyword`) VALUES ('83', '1', '产品演示', '&lt;p&gt;产品演示&lt;br&gt;&lt;/p&gt;', '', '', '', '');
INSERT INTO `cnoc_product_description` (`product_id`, `language_id`, `name`, `description`, `tag`, `meta_title`, `meta_description`, `meta_keyword`) VALUES ('83', '2', 'Demo', '&lt;p&gt;Demo&lt;br&gt;&lt;/p&gt;', 'Demo', '', '', '');
INSERT INTO `cnoc_product_description` (`product_id`, `language_id`, `name`, `description`, `tag`, `meta_title`, `meta_description`, `meta_keyword`) VALUES ('83', '3', '产品演示', '&lt;p&gt;产品演示&lt;br&gt;&lt;/p&gt;', '', '', '', '');
INSERT INTO `cnoc_product_description` (`product_id`, `language_id`, `name`, `description`, `tag`, `meta_title`, `meta_description`, `meta_keyword`) VALUES ('84', '1', '产品演示', '&lt;p&gt;产品演示&lt;br&gt;&lt;/p&gt;', '', '', '', '');
INSERT INTO `cnoc_product_description` (`product_id`, `language_id`, `name`, `description`, `tag`, `meta_title`, `meta_description`, `meta_keyword`) VALUES ('84', '2', 'Demo', '&lt;p&gt;Demo&lt;br&gt;&lt;/p&gt;', 'Demo', '', '', '');
INSERT INTO `cnoc_product_description` (`product_id`, `language_id`, `name`, `description`, `tag`, `meta_title`, `meta_description`, `meta_keyword`) VALUES ('84', '3', '产品演示', '&lt;p&gt;产品演示&lt;br&gt;&lt;/p&gt;', '', '', '', '');
INSERT INTO `cnoc_product_description` (`product_id`, `language_id`, `name`, `description`, `tag`, `meta_title`, `meta_description`, `meta_keyword`) VALUES ('85', '1', '产品演示', '&lt;p&gt;产品演示&lt;br&gt;&lt;/p&gt;', '', '', '', '');
INSERT INTO `cnoc_product_description` (`product_id`, `language_id`, `name`, `description`, `tag`, `meta_title`, `meta_description`, `meta_keyword`) VALUES ('85', '2', 'Demo', '&lt;p&gt;Demo&lt;br&gt;&lt;/p&gt;', 'Demo', '', '', '');
INSERT INTO `cnoc_product_description` (`product_id`, `language_id`, `name`, `description`, `tag`, `meta_title`, `meta_description`, `meta_keyword`) VALUES ('85', '3', '产品演示', '&lt;p&gt;产品演示&lt;br&gt;&lt;/p&gt;', '', '', '', '');
INSERT INTO `cnoc_product_description` (`product_id`, `language_id`, `name`, `description`, `tag`, `meta_title`, `meta_description`, `meta_keyword`) VALUES ('86', '1', '产品演示', '&lt;p&gt;产品演示&lt;br&gt;&lt;/p&gt;', '', '', '', '');
INSERT INTO `cnoc_product_description` (`product_id`, `language_id`, `name`, `description`, `tag`, `meta_title`, `meta_description`, `meta_keyword`) VALUES ('86', '2', 'Demo', '&lt;p&gt;Demo&lt;br&gt;&lt;/p&gt;', 'Demo', '', '', '');
INSERT INTO `cnoc_product_description` (`product_id`, `language_id`, `name`, `description`, `tag`, `meta_title`, `meta_description`, `meta_keyword`) VALUES ('86', '3', '产品演示', '&lt;p&gt;产品演示&lt;br&gt;&lt;/p&gt;', '', '', '', '');
INSERT INTO `cnoc_product_description` (`product_id`, `language_id`, `name`, `description`, `tag`, `meta_title`, `meta_description`, `meta_keyword`) VALUES ('87', '1', '产品演示', '&lt;p&gt;产品演示&lt;br&gt;&lt;/p&gt;', '', '', '', '');
INSERT INTO `cnoc_product_description` (`product_id`, `language_id`, `name`, `description`, `tag`, `meta_title`, `meta_description`, `meta_keyword`) VALUES ('87', '2', 'Demo', '&lt;p&gt;Demo&lt;br&gt;&lt;/p&gt;', 'Demo', '', '', '');
INSERT INTO `cnoc_product_description` (`product_id`, `language_id`, `name`, `description`, `tag`, `meta_title`, `meta_description`, `meta_keyword`) VALUES ('87', '3', '产品演示', '&lt;p&gt;产品演示&lt;br&gt;&lt;/p&gt;', '', '', '', '');
INSERT INTO `cnoc_product_description` (`product_id`, `language_id`, `name`, `description`, `tag`, `meta_title`, `meta_description`, `meta_keyword`) VALUES ('88', '1', '产品演示', '&lt;p&gt;产品演示&lt;br&gt;&lt;/p&gt;', '', '', '', '');
INSERT INTO `cnoc_product_description` (`product_id`, `language_id`, `name`, `description`, `tag`, `meta_title`, `meta_description`, `meta_keyword`) VALUES ('88', '2', 'Demo', '&lt;p&gt;Demo&lt;br&gt;&lt;/p&gt;', 'Demo', '', '', '');
INSERT INTO `cnoc_product_description` (`product_id`, `language_id`, `name`, `description`, `tag`, `meta_title`, `meta_description`, `meta_keyword`) VALUES ('88', '3', '产品演示', '&lt;p&gt;产品演示&lt;br&gt;&lt;/p&gt;', '', '', '', '');
INSERT INTO `cnoc_product_description` (`product_id`, `language_id`, `name`, `description`, `tag`, `meta_title`, `meta_description`, `meta_keyword`) VALUES ('89', '1', '产品演示', '&lt;p&gt;产品演示&lt;br&gt;&lt;/p&gt;', '', '', '', '');
INSERT INTO `cnoc_product_description` (`product_id`, `language_id`, `name`, `description`, `tag`, `meta_title`, `meta_description`, `meta_keyword`) VALUES ('89', '2', 'Demo', '&lt;p&gt;Demo&lt;br&gt;&lt;/p&gt;', 'Demo', '', '', '');
INSERT INTO `cnoc_product_description` (`product_id`, `language_id`, `name`, `description`, `tag`, `meta_title`, `meta_description`, `meta_keyword`) VALUES ('89', '3', '产品演示', '&lt;p&gt;产品演示&lt;br&gt;&lt;/p&gt;', '', '', '', '');
INSERT INTO `cnoc_product_description` (`product_id`, `language_id`, `name`, `description`, `tag`, `meta_title`, `meta_description`, `meta_keyword`) VALUES ('90', '1', '产品演示', '&lt;p&gt;产品演示&lt;br&gt;&lt;/p&gt;', '', '', '', '');
INSERT INTO `cnoc_product_description` (`product_id`, `language_id`, `name`, `description`, `tag`, `meta_title`, `meta_description`, `meta_keyword`) VALUES ('90', '2', 'Demo', '&lt;p&gt;Demo&lt;br&gt;&lt;/p&gt;', 'Demo', '', '', '');
INSERT INTO `cnoc_product_description` (`product_id`, `language_id`, `name`, `description`, `tag`, `meta_title`, `meta_description`, `meta_keyword`) VALUES ('90', '3', '产品演示', '&lt;p&gt;产品演示&lt;br&gt;&lt;/p&gt;', '', '', '', '');
INSERT INTO `cnoc_product_description` (`product_id`, `language_id`, `name`, `description`, `tag`, `meta_title`, `meta_description`, `meta_keyword`) VALUES ('91', '1', '产品演示', '&lt;p&gt;产品演示&lt;br&gt;&lt;/p&gt;', '', '', '', '');
INSERT INTO `cnoc_product_description` (`product_id`, `language_id`, `name`, `description`, `tag`, `meta_title`, `meta_description`, `meta_keyword`) VALUES ('91', '2', 'Demo', '&lt;p&gt;Demo&lt;br&gt;&lt;/p&gt;', 'Demo', '', '', '');
INSERT INTO `cnoc_product_description` (`product_id`, `language_id`, `name`, `description`, `tag`, `meta_title`, `meta_description`, `meta_keyword`) VALUES ('91', '3', '产品演示', '&lt;p&gt;产品演示&lt;br&gt;&lt;/p&gt;', '', '', '', '');
INSERT INTO `cnoc_product_description` (`product_id`, `language_id`, `name`, `description`, `tag`, `meta_title`, `meta_description`, `meta_keyword`) VALUES ('92', '1', '产品演示', '&lt;p&gt;产品演示&lt;br&gt;&lt;/p&gt;', '', '', '', '');
INSERT INTO `cnoc_product_description` (`product_id`, `language_id`, `name`, `description`, `tag`, `meta_title`, `meta_description`, `meta_keyword`) VALUES ('92', '2', 'Demo', '&lt;p&gt;Demo&lt;br&gt;&lt;/p&gt;', 'Demo', '', '', '');
INSERT INTO `cnoc_product_description` (`product_id`, `language_id`, `name`, `description`, `tag`, `meta_title`, `meta_description`, `meta_keyword`) VALUES ('92', '3', '产品演示', '&lt;p&gt;产品演示&lt;br&gt;&lt;/p&gt;', '', '', '', '');
INSERT INTO `cnoc_product_description` (`product_id`, `language_id`, `name`, `description`, `tag`, `meta_title`, `meta_description`, `meta_keyword`) VALUES ('93', '1', '产品演示', '&lt;p&gt;产品演示&lt;br&gt;&lt;/p&gt;', '', '', '', '');
INSERT INTO `cnoc_product_description` (`product_id`, `language_id`, `name`, `description`, `tag`, `meta_title`, `meta_description`, `meta_keyword`) VALUES ('93', '2', 'Demo', '&lt;p&gt;Demo&lt;br&gt;&lt;/p&gt;', 'Demo', '', '', '');
INSERT INTO `cnoc_product_description` (`product_id`, `language_id`, `name`, `description`, `tag`, `meta_title`, `meta_description`, `meta_keyword`) VALUES ('93', '3', '产品演示', '&lt;p&gt;产品演示&lt;br&gt;&lt;/p&gt;', '', '', '', '');
INSERT INTO `cnoc_product_description` (`product_id`, `language_id`, `name`, `description`, `tag`, `meta_title`, `meta_description`, `meta_keyword`) VALUES ('94', '1', '产品演示', '&lt;p&gt;产品演示&lt;br&gt;&lt;/p&gt;', '', '', '', '');
INSERT INTO `cnoc_product_description` (`product_id`, `language_id`, `name`, `description`, `tag`, `meta_title`, `meta_description`, `meta_keyword`) VALUES ('94', '2', 'Demo', '&lt;p&gt;Demo&lt;br&gt;&lt;/p&gt;', 'Demo', '', '', '');
INSERT INTO `cnoc_product_description` (`product_id`, `language_id`, `name`, `description`, `tag`, `meta_title`, `meta_description`, `meta_keyword`) VALUES ('94', '3', '产品演示', '&lt;p&gt;产品演示&lt;br&gt;&lt;/p&gt;', '', '', '', '');
INSERT INTO `cnoc_product_description` (`product_id`, `language_id`, `name`, `description`, `tag`, `meta_title`, `meta_description`, `meta_keyword`) VALUES ('95', '1', '产品演示', '&lt;p&gt;产品演示&lt;br&gt;&lt;/p&gt;', '', '', '', '');
INSERT INTO `cnoc_product_description` (`product_id`, `language_id`, `name`, `description`, `tag`, `meta_title`, `meta_description`, `meta_keyword`) VALUES ('95', '2', 'Demo', '&lt;p&gt;Demo&lt;br&gt;&lt;/p&gt;', 'Demo', '', '', '');
INSERT INTO `cnoc_product_description` (`product_id`, `language_id`, `name`, `description`, `tag`, `meta_title`, `meta_description`, `meta_keyword`) VALUES ('95', '3', '产品演示', '&lt;p&gt;产品演示&lt;br&gt;&lt;/p&gt;', '', '', '', '');
INSERT INTO `cnoc_product_description` (`product_id`, `language_id`, `name`, `description`, `tag`, `meta_title`, `meta_description`, `meta_keyword`) VALUES ('96', '1', '产品演示', '&lt;p&gt;产品演示&lt;br&gt;&lt;/p&gt;', '', '', '', '');
INSERT INTO `cnoc_product_description` (`product_id`, `language_id`, `name`, `description`, `tag`, `meta_title`, `meta_description`, `meta_keyword`) VALUES ('96', '2', 'Demo', '&lt;p&gt;Demo&lt;br&gt;&lt;/p&gt;', 'Demo', '', '', '');
INSERT INTO `cnoc_product_description` (`product_id`, `language_id`, `name`, `description`, `tag`, `meta_title`, `meta_description`, `meta_keyword`) VALUES ('96', '3', '产品演示', '&lt;p&gt;产品演示&lt;br&gt;&lt;/p&gt;', '', '', '', '');
INSERT INTO `cnoc_product_description` (`product_id`, `language_id`, `name`, `description`, `tag`, `meta_title`, `meta_description`, `meta_keyword`) VALUES ('97', '1', '产品演示', '&lt;p&gt;产品演示&lt;br&gt;&lt;/p&gt;', '', '', '', '');
INSERT INTO `cnoc_product_description` (`product_id`, `language_id`, `name`, `description`, `tag`, `meta_title`, `meta_description`, `meta_keyword`) VALUES ('97', '2', 'Demo', '&lt;p&gt;Demo&lt;br&gt;&lt;/p&gt;', 'Demo', '', '', '');
INSERT INTO `cnoc_product_description` (`product_id`, `language_id`, `name`, `description`, `tag`, `meta_title`, `meta_description`, `meta_keyword`) VALUES ('97', '3', '产品演示', '&lt;p&gt;产品演示&lt;br&gt;&lt;/p&gt;', '', '', '', '');
INSERT INTO `cnoc_product_description` (`product_id`, `language_id`, `name`, `description`, `tag`, `meta_title`, `meta_description`, `meta_keyword`) VALUES ('98', '1', '产品演示', '&lt;p&gt;产品演示&lt;br&gt;&lt;/p&gt;', '', '', '', '');
INSERT INTO `cnoc_product_description` (`product_id`, `language_id`, `name`, `description`, `tag`, `meta_title`, `meta_description`, `meta_keyword`) VALUES ('98', '2', 'Demo', '&lt;p&gt;Demo&lt;br&gt;&lt;/p&gt;', 'Demo', '', '', '');
INSERT INTO `cnoc_product_description` (`product_id`, `language_id`, `name`, `description`, `tag`, `meta_title`, `meta_description`, `meta_keyword`) VALUES ('98', '3', '产品演示', '&lt;p&gt;产品演示&lt;br&gt;&lt;/p&gt;', '', '', '', '');
INSERT INTO `cnoc_product_description` (`product_id`, `language_id`, `name`, `description`, `tag`, `meta_title`, `meta_description`, `meta_keyword`) VALUES ('99', '1', '产品演示', '&lt;p&gt;产品演示&lt;br&gt;&lt;/p&gt;', '', '', '', '');
INSERT INTO `cnoc_product_description` (`product_id`, `language_id`, `name`, `description`, `tag`, `meta_title`, `meta_description`, `meta_keyword`) VALUES ('99', '2', 'Demo', '&lt;p&gt;Demo&lt;br&gt;&lt;/p&gt;', 'Demo', '', '', '');
INSERT INTO `cnoc_product_description` (`product_id`, `language_id`, `name`, `description`, `tag`, `meta_title`, `meta_description`, `meta_keyword`) VALUES ('99', '3', '产品演示', '&lt;p&gt;产品演示&lt;br&gt;&lt;/p&gt;', '', '', '', '');
INSERT INTO `cnoc_product_description` (`product_id`, `language_id`, `name`, `description`, `tag`, `meta_title`, `meta_description`, `meta_keyword`) VALUES ('100', '1', '产品演示', '&lt;p&gt;产品演示&lt;br&gt;&lt;/p&gt;', '', '', '', '');
INSERT INTO `cnoc_product_description` (`product_id`, `language_id`, `name`, `description`, `tag`, `meta_title`, `meta_description`, `meta_keyword`) VALUES ('100', '2', 'Demo', '&lt;p&gt;Demo&lt;br&gt;&lt;/p&gt;', 'Demo', '', '', '');
INSERT INTO `cnoc_product_description` (`product_id`, `language_id`, `name`, `description`, `tag`, `meta_title`, `meta_description`, `meta_keyword`) VALUES ('100', '3', '产品演示', '&lt;p&gt;产品演示&lt;br&gt;&lt;/p&gt;', '', '', '', '');
INSERT INTO `cnoc_product_description` (`product_id`, `language_id`, `name`, `description`, `tag`, `meta_title`, `meta_description`, `meta_keyword`) VALUES ('101', '1', '产品演示', '&lt;p&gt;产品演示&lt;br&gt;&lt;/p&gt;', '', '', '', '');
INSERT INTO `cnoc_product_description` (`product_id`, `language_id`, `name`, `description`, `tag`, `meta_title`, `meta_description`, `meta_keyword`) VALUES ('101', '2', 'Demo', '&lt;p&gt;Demo&lt;br&gt;&lt;/p&gt;', 'Demo', '', '', '');
INSERT INTO `cnoc_product_description` (`product_id`, `language_id`, `name`, `description`, `tag`, `meta_title`, `meta_description`, `meta_keyword`) VALUES ('101', '3', '产品演示', '&lt;p&gt;产品演示&lt;br&gt;&lt;/p&gt;', '', '', '', '');
INSERT INTO `cnoc_product_description` (`product_id`, `language_id`, `name`, `description`, `tag`, `meta_title`, `meta_description`, `meta_keyword`) VALUES ('102', '1', '产品演示', '&lt;p&gt;产品演示&lt;br&gt;&lt;/p&gt;', '', '', '', '');
INSERT INTO `cnoc_product_description` (`product_id`, `language_id`, `name`, `description`, `tag`, `meta_title`, `meta_description`, `meta_keyword`) VALUES ('102', '2', 'Demo', '&lt;p&gt;Demo&lt;br&gt;&lt;/p&gt;', 'Demo', '', '', '');
INSERT INTO `cnoc_product_description` (`product_id`, `language_id`, `name`, `description`, `tag`, `meta_title`, `meta_description`, `meta_keyword`) VALUES ('102', '3', '产品演示', '&lt;p&gt;产品演示&lt;br&gt;&lt;/p&gt;', '', '', '', '');
INSERT INTO `cnoc_product_description` (`product_id`, `language_id`, `name`, `description`, `tag`, `meta_title`, `meta_description`, `meta_keyword`) VALUES ('103', '2', 'Demo', '&lt;p&gt;Demo&lt;br&gt;&lt;/p&gt;', 'Demo', '', '', '');
INSERT INTO `cnoc_product_description` (`product_id`, `language_id`, `name`, `description`, `tag`, `meta_title`, `meta_description`, `meta_keyword`) VALUES ('103', '3', '产品演示', '&lt;p&gt;产品演示&lt;br&gt;&lt;/p&gt;', '', '', '', '');
INSERT INTO `cnoc_product_description` (`product_id`, `language_id`, `name`, `description`, `tag`, `meta_title`, `meta_description`, `meta_keyword`) VALUES ('103', '1', '产品演示', '&lt;p&gt;产品演示&lt;br&gt;&lt;/p&gt;', '', '', '', '');




INSERT INTO `cnoc_product_filter` (`product_id`, `filter_id`) VALUES ('103', '1');



INSERT INTO `cnoc_product_image` (`product_image_id`, `product_id`, `image`, `code`, `sort_order`) VALUES ('2479', '52', 'catalog/20117122440258.jpg', '', '0');
INSERT INTO `cnoc_product_image` (`product_image_id`, `product_id`, `image`, `code`, `sort_order`) VALUES ('2478', '52', 'catalog/20117122448352.jpg', '', '0');
INSERT INTO `cnoc_product_image` (`product_image_id`, `product_id`, `image`, `code`, `sort_order`) VALUES ('2477', '52', 'catalog/20117122459159.jpg', '', '0');
INSERT INTO `cnoc_product_image` (`product_image_id`, `product_id`, `image`, `code`, `sort_order`) VALUES ('2476', '52', 'catalog/20117122538475.jpg', '', '0');
INSERT INTO `cnoc_product_image` (`product_image_id`, `product_id`, `image`, `code`, `sort_order`) VALUES ('2480', '53', 'catalog/20117122440258.jpg', '', '0');
INSERT INTO `cnoc_product_image` (`product_image_id`, `product_id`, `image`, `code`, `sort_order`) VALUES ('2481', '53', 'catalog/20117122448352.jpg', '', '0');
INSERT INTO `cnoc_product_image` (`product_image_id`, `product_id`, `image`, `code`, `sort_order`) VALUES ('2482', '53', 'catalog/20117122459159.jpg', '', '0');
INSERT INTO `cnoc_product_image` (`product_image_id`, `product_id`, `image`, `code`, `sort_order`) VALUES ('2483', '53', 'catalog/20117122538475.jpg', '', '0');
INSERT INTO `cnoc_product_image` (`product_image_id`, `product_id`, `image`, `code`, `sort_order`) VALUES ('2484', '54', 'catalog/20117122440258.jpg', '', '0');
INSERT INTO `cnoc_product_image` (`product_image_id`, `product_id`, `image`, `code`, `sort_order`) VALUES ('2485', '54', 'catalog/20117122448352.jpg', '', '0');
INSERT INTO `cnoc_product_image` (`product_image_id`, `product_id`, `image`, `code`, `sort_order`) VALUES ('2486', '54', 'catalog/20117122459159.jpg', '', '0');
INSERT INTO `cnoc_product_image` (`product_image_id`, `product_id`, `image`, `code`, `sort_order`) VALUES ('2487', '54', 'catalog/20117122538475.jpg', '', '0');
INSERT INTO `cnoc_product_image` (`product_image_id`, `product_id`, `image`, `code`, `sort_order`) VALUES ('2488', '55', 'catalog/20117122440258.jpg', '', '0');
INSERT INTO `cnoc_product_image` (`product_image_id`, `product_id`, `image`, `code`, `sort_order`) VALUES ('2489', '55', 'catalog/20117122448352.jpg', '', '0');
INSERT INTO `cnoc_product_image` (`product_image_id`, `product_id`, `image`, `code`, `sort_order`) VALUES ('2490', '55', 'catalog/20117122459159.jpg', '', '0');
INSERT INTO `cnoc_product_image` (`product_image_id`, `product_id`, `image`, `code`, `sort_order`) VALUES ('2491', '55', 'catalog/20117122538475.jpg', '', '0');
INSERT INTO `cnoc_product_image` (`product_image_id`, `product_id`, `image`, `code`, `sort_order`) VALUES ('2492', '56', 'catalog/20117122440258.jpg', '', '0');
INSERT INTO `cnoc_product_image` (`product_image_id`, `product_id`, `image`, `code`, `sort_order`) VALUES ('2493', '56', 'catalog/20117122448352.jpg', '', '0');
INSERT INTO `cnoc_product_image` (`product_image_id`, `product_id`, `image`, `code`, `sort_order`) VALUES ('2494', '56', 'catalog/20117122459159.jpg', '', '0');
INSERT INTO `cnoc_product_image` (`product_image_id`, `product_id`, `image`, `code`, `sort_order`) VALUES ('2495', '56', 'catalog/20117122538475.jpg', '', '0');
INSERT INTO `cnoc_product_image` (`product_image_id`, `product_id`, `image`, `code`, `sort_order`) VALUES ('2496', '57', 'catalog/20117122440258.jpg', '', '0');
INSERT INTO `cnoc_product_image` (`product_image_id`, `product_id`, `image`, `code`, `sort_order`) VALUES ('2497', '57', 'catalog/20117122448352.jpg', '', '0');
INSERT INTO `cnoc_product_image` (`product_image_id`, `product_id`, `image`, `code`, `sort_order`) VALUES ('2498', '57', 'catalog/20117122459159.jpg', '', '0');
INSERT INTO `cnoc_product_image` (`product_image_id`, `product_id`, `image`, `code`, `sort_order`) VALUES ('2499', '57', 'catalog/20117122538475.jpg', '', '0');
INSERT INTO `cnoc_product_image` (`product_image_id`, `product_id`, `image`, `code`, `sort_order`) VALUES ('2500', '58', 'catalog/20117122440258.jpg', '', '0');
INSERT INTO `cnoc_product_image` (`product_image_id`, `product_id`, `image`, `code`, `sort_order`) VALUES ('2501', '58', 'catalog/20117122448352.jpg', '', '0');
INSERT INTO `cnoc_product_image` (`product_image_id`, `product_id`, `image`, `code`, `sort_order`) VALUES ('2502', '58', 'catalog/20117122459159.jpg', '', '0');
INSERT INTO `cnoc_product_image` (`product_image_id`, `product_id`, `image`, `code`, `sort_order`) VALUES ('2503', '58', 'catalog/20117122538475.jpg', '', '0');
INSERT INTO `cnoc_product_image` (`product_image_id`, `product_id`, `image`, `code`, `sort_order`) VALUES ('2504', '59', 'catalog/20117122440258.jpg', '', '0');
INSERT INTO `cnoc_product_image` (`product_image_id`, `product_id`, `image`, `code`, `sort_order`) VALUES ('2505', '59', 'catalog/20117122448352.jpg', '', '0');
INSERT INTO `cnoc_product_image` (`product_image_id`, `product_id`, `image`, `code`, `sort_order`) VALUES ('2506', '59', 'catalog/20117122459159.jpg', '', '0');
INSERT INTO `cnoc_product_image` (`product_image_id`, `product_id`, `image`, `code`, `sort_order`) VALUES ('2507', '59', 'catalog/20117122538475.jpg', '', '0');
INSERT INTO `cnoc_product_image` (`product_image_id`, `product_id`, `image`, `code`, `sort_order`) VALUES ('2508', '60', 'catalog/20117122440258.jpg', '', '0');
INSERT INTO `cnoc_product_image` (`product_image_id`, `product_id`, `image`, `code`, `sort_order`) VALUES ('2509', '60', 'catalog/20117122448352.jpg', '', '0');
INSERT INTO `cnoc_product_image` (`product_image_id`, `product_id`, `image`, `code`, `sort_order`) VALUES ('2510', '60', 'catalog/20117122459159.jpg', '', '0');
INSERT INTO `cnoc_product_image` (`product_image_id`, `product_id`, `image`, `code`, `sort_order`) VALUES ('2511', '60', 'catalog/20117122538475.jpg', '', '0');
INSERT INTO `cnoc_product_image` (`product_image_id`, `product_id`, `image`, `code`, `sort_order`) VALUES ('2512', '61', 'catalog/20117122440258.jpg', '', '0');
INSERT INTO `cnoc_product_image` (`product_image_id`, `product_id`, `image`, `code`, `sort_order`) VALUES ('2513', '61', 'catalog/20117122448352.jpg', '', '0');
INSERT INTO `cnoc_product_image` (`product_image_id`, `product_id`, `image`, `code`, `sort_order`) VALUES ('2514', '61', 'catalog/20117122459159.jpg', '', '0');
INSERT INTO `cnoc_product_image` (`product_image_id`, `product_id`, `image`, `code`, `sort_order`) VALUES ('2515', '61', 'catalog/20117122538475.jpg', '', '0');
INSERT INTO `cnoc_product_image` (`product_image_id`, `product_id`, `image`, `code`, `sort_order`) VALUES ('2516', '62', 'catalog/20117122440258.jpg', '', '0');
INSERT INTO `cnoc_product_image` (`product_image_id`, `product_id`, `image`, `code`, `sort_order`) VALUES ('2517', '62', 'catalog/20117122448352.jpg', '', '0');
INSERT INTO `cnoc_product_image` (`product_image_id`, `product_id`, `image`, `code`, `sort_order`) VALUES ('2518', '62', 'catalog/20117122459159.jpg', '', '0');
INSERT INTO `cnoc_product_image` (`product_image_id`, `product_id`, `image`, `code`, `sort_order`) VALUES ('2519', '62', 'catalog/20117122538475.jpg', '', '0');
INSERT INTO `cnoc_product_image` (`product_image_id`, `product_id`, `image`, `code`, `sort_order`) VALUES ('2520', '63', 'catalog/20117122440258.jpg', '', '0');
INSERT INTO `cnoc_product_image` (`product_image_id`, `product_id`, `image`, `code`, `sort_order`) VALUES ('2521', '63', 'catalog/20117122448352.jpg', '', '0');
INSERT INTO `cnoc_product_image` (`product_image_id`, `product_id`, `image`, `code`, `sort_order`) VALUES ('2522', '63', 'catalog/20117122459159.jpg', '', '0');
INSERT INTO `cnoc_product_image` (`product_image_id`, `product_id`, `image`, `code`, `sort_order`) VALUES ('2523', '63', 'catalog/20117122538475.jpg', '', '0');
INSERT INTO `cnoc_product_image` (`product_image_id`, `product_id`, `image`, `code`, `sort_order`) VALUES ('2524', '64', 'catalog/20117122440258.jpg', '', '0');
INSERT INTO `cnoc_product_image` (`product_image_id`, `product_id`, `image`, `code`, `sort_order`) VALUES ('2525', '64', 'catalog/20117122448352.jpg', '', '0');
INSERT INTO `cnoc_product_image` (`product_image_id`, `product_id`, `image`, `code`, `sort_order`) VALUES ('2526', '64', 'catalog/20117122459159.jpg', '', '0');
INSERT INTO `cnoc_product_image` (`product_image_id`, `product_id`, `image`, `code`, `sort_order`) VALUES ('2527', '64', 'catalog/20117122538475.jpg', '', '0');
INSERT INTO `cnoc_product_image` (`product_image_id`, `product_id`, `image`, `code`, `sort_order`) VALUES ('2528', '65', 'catalog/20117122440258.jpg', '', '0');
INSERT INTO `cnoc_product_image` (`product_image_id`, `product_id`, `image`, `code`, `sort_order`) VALUES ('2529', '65', 'catalog/20117122448352.jpg', '', '0');
INSERT INTO `cnoc_product_image` (`product_image_id`, `product_id`, `image`, `code`, `sort_order`) VALUES ('2530', '65', 'catalog/20117122459159.jpg', '', '0');
INSERT INTO `cnoc_product_image` (`product_image_id`, `product_id`, `image`, `code`, `sort_order`) VALUES ('2531', '65', 'catalog/20117122538475.jpg', '', '0');
INSERT INTO `cnoc_product_image` (`product_image_id`, `product_id`, `image`, `code`, `sort_order`) VALUES ('2532', '66', 'catalog/20117122440258.jpg', '', '0');
INSERT INTO `cnoc_product_image` (`product_image_id`, `product_id`, `image`, `code`, `sort_order`) VALUES ('2533', '66', 'catalog/20117122448352.jpg', '', '0');
INSERT INTO `cnoc_product_image` (`product_image_id`, `product_id`, `image`, `code`, `sort_order`) VALUES ('2534', '66', 'catalog/20117122459159.jpg', '', '0');
INSERT INTO `cnoc_product_image` (`product_image_id`, `product_id`, `image`, `code`, `sort_order`) VALUES ('2535', '66', 'catalog/20117122538475.jpg', '', '0');
INSERT INTO `cnoc_product_image` (`product_image_id`, `product_id`, `image`, `code`, `sort_order`) VALUES ('2536', '67', 'catalog/20117122440258.jpg', '', '0');
INSERT INTO `cnoc_product_image` (`product_image_id`, `product_id`, `image`, `code`, `sort_order`) VALUES ('2537', '67', 'catalog/20117122448352.jpg', '', '0');
INSERT INTO `cnoc_product_image` (`product_image_id`, `product_id`, `image`, `code`, `sort_order`) VALUES ('2538', '67', 'catalog/20117122459159.jpg', '', '0');
INSERT INTO `cnoc_product_image` (`product_image_id`, `product_id`, `image`, `code`, `sort_order`) VALUES ('2539', '67', 'catalog/20117122538475.jpg', '', '0');
INSERT INTO `cnoc_product_image` (`product_image_id`, `product_id`, `image`, `code`, `sort_order`) VALUES ('2540', '68', 'catalog/20117122440258.jpg', '', '0');
INSERT INTO `cnoc_product_image` (`product_image_id`, `product_id`, `image`, `code`, `sort_order`) VALUES ('2541', '68', 'catalog/20117122448352.jpg', '', '0');
INSERT INTO `cnoc_product_image` (`product_image_id`, `product_id`, `image`, `code`, `sort_order`) VALUES ('2542', '68', 'catalog/20117122459159.jpg', '', '0');
INSERT INTO `cnoc_product_image` (`product_image_id`, `product_id`, `image`, `code`, `sort_order`) VALUES ('2543', '68', 'catalog/20117122538475.jpg', '', '0');
INSERT INTO `cnoc_product_image` (`product_image_id`, `product_id`, `image`, `code`, `sort_order`) VALUES ('2544', '69', 'catalog/20117122440258.jpg', '', '0');
INSERT INTO `cnoc_product_image` (`product_image_id`, `product_id`, `image`, `code`, `sort_order`) VALUES ('2545', '69', 'catalog/20117122448352.jpg', '', '0');
INSERT INTO `cnoc_product_image` (`product_image_id`, `product_id`, `image`, `code`, `sort_order`) VALUES ('2546', '69', 'catalog/20117122459159.jpg', '', '0');
INSERT INTO `cnoc_product_image` (`product_image_id`, `product_id`, `image`, `code`, `sort_order`) VALUES ('2547', '69', 'catalog/20117122538475.jpg', '', '0');
INSERT INTO `cnoc_product_image` (`product_image_id`, `product_id`, `image`, `code`, `sort_order`) VALUES ('2548', '70', 'catalog/20117122440258.jpg', '', '0');
INSERT INTO `cnoc_product_image` (`product_image_id`, `product_id`, `image`, `code`, `sort_order`) VALUES ('2549', '70', 'catalog/20117122448352.jpg', '', '0');
INSERT INTO `cnoc_product_image` (`product_image_id`, `product_id`, `image`, `code`, `sort_order`) VALUES ('2550', '70', 'catalog/20117122459159.jpg', '', '0');
INSERT INTO `cnoc_product_image` (`product_image_id`, `product_id`, `image`, `code`, `sort_order`) VALUES ('2551', '70', 'catalog/20117122538475.jpg', '', '0');
INSERT INTO `cnoc_product_image` (`product_image_id`, `product_id`, `image`, `code`, `sort_order`) VALUES ('2552', '71', 'catalog/20117122440258.jpg', '', '0');
INSERT INTO `cnoc_product_image` (`product_image_id`, `product_id`, `image`, `code`, `sort_order`) VALUES ('2553', '71', 'catalog/20117122448352.jpg', '', '0');
INSERT INTO `cnoc_product_image` (`product_image_id`, `product_id`, `image`, `code`, `sort_order`) VALUES ('2554', '71', 'catalog/20117122459159.jpg', '', '0');
INSERT INTO `cnoc_product_image` (`product_image_id`, `product_id`, `image`, `code`, `sort_order`) VALUES ('2555', '71', 'catalog/20117122538475.jpg', '', '0');
INSERT INTO `cnoc_product_image` (`product_image_id`, `product_id`, `image`, `code`, `sort_order`) VALUES ('2556', '72', 'catalog/20117122440258.jpg', '', '0');
INSERT INTO `cnoc_product_image` (`product_image_id`, `product_id`, `image`, `code`, `sort_order`) VALUES ('2557', '72', 'catalog/20117122448352.jpg', '', '0');
INSERT INTO `cnoc_product_image` (`product_image_id`, `product_id`, `image`, `code`, `sort_order`) VALUES ('2558', '72', 'catalog/20117122459159.jpg', '', '0');
INSERT INTO `cnoc_product_image` (`product_image_id`, `product_id`, `image`, `code`, `sort_order`) VALUES ('2559', '72', 'catalog/20117122538475.jpg', '', '0');
INSERT INTO `cnoc_product_image` (`product_image_id`, `product_id`, `image`, `code`, `sort_order`) VALUES ('2560', '73', 'catalog/20117122440258.jpg', '', '0');
INSERT INTO `cnoc_product_image` (`product_image_id`, `product_id`, `image`, `code`, `sort_order`) VALUES ('2561', '73', 'catalog/20117122448352.jpg', '', '0');
INSERT INTO `cnoc_product_image` (`product_image_id`, `product_id`, `image`, `code`, `sort_order`) VALUES ('2562', '73', 'catalog/20117122459159.jpg', '', '0');
INSERT INTO `cnoc_product_image` (`product_image_id`, `product_id`, `image`, `code`, `sort_order`) VALUES ('2563', '73', 'catalog/20117122538475.jpg', '', '0');
INSERT INTO `cnoc_product_image` (`product_image_id`, `product_id`, `image`, `code`, `sort_order`) VALUES ('2564', '74', 'catalog/20117122440258.jpg', '', '0');
INSERT INTO `cnoc_product_image` (`product_image_id`, `product_id`, `image`, `code`, `sort_order`) VALUES ('2565', '74', 'catalog/20117122448352.jpg', '', '0');
INSERT INTO `cnoc_product_image` (`product_image_id`, `product_id`, `image`, `code`, `sort_order`) VALUES ('2566', '74', 'catalog/20117122459159.jpg', '', '0');
INSERT INTO `cnoc_product_image` (`product_image_id`, `product_id`, `image`, `code`, `sort_order`) VALUES ('2567', '74', 'catalog/20117122538475.jpg', '', '0');
INSERT INTO `cnoc_product_image` (`product_image_id`, `product_id`, `image`, `code`, `sort_order`) VALUES ('2568', '75', 'catalog/20117122440258.jpg', '', '0');
INSERT INTO `cnoc_product_image` (`product_image_id`, `product_id`, `image`, `code`, `sort_order`) VALUES ('2569', '75', 'catalog/20117122448352.jpg', '', '0');
INSERT INTO `cnoc_product_image` (`product_image_id`, `product_id`, `image`, `code`, `sort_order`) VALUES ('2570', '75', 'catalog/20117122459159.jpg', '', '0');
INSERT INTO `cnoc_product_image` (`product_image_id`, `product_id`, `image`, `code`, `sort_order`) VALUES ('2571', '75', 'catalog/20117122538475.jpg', '', '0');
INSERT INTO `cnoc_product_image` (`product_image_id`, `product_id`, `image`, `code`, `sort_order`) VALUES ('2572', '76', 'catalog/20117122440258.jpg', '', '0');
INSERT INTO `cnoc_product_image` (`product_image_id`, `product_id`, `image`, `code`, `sort_order`) VALUES ('2573', '76', 'catalog/20117122448352.jpg', '', '0');
INSERT INTO `cnoc_product_image` (`product_image_id`, `product_id`, `image`, `code`, `sort_order`) VALUES ('2574', '76', 'catalog/20117122459159.jpg', '', '0');
INSERT INTO `cnoc_product_image` (`product_image_id`, `product_id`, `image`, `code`, `sort_order`) VALUES ('2575', '76', 'catalog/20117122538475.jpg', '', '0');
INSERT INTO `cnoc_product_image` (`product_image_id`, `product_id`, `image`, `code`, `sort_order`) VALUES ('2576', '77', 'catalog/20117122440258.jpg', '', '0');
INSERT INTO `cnoc_product_image` (`product_image_id`, `product_id`, `image`, `code`, `sort_order`) VALUES ('2577', '77', 'catalog/20117122448352.jpg', '', '0');
INSERT INTO `cnoc_product_image` (`product_image_id`, `product_id`, `image`, `code`, `sort_order`) VALUES ('2578', '77', 'catalog/20117122459159.jpg', '', '0');
INSERT INTO `cnoc_product_image` (`product_image_id`, `product_id`, `image`, `code`, `sort_order`) VALUES ('2579', '77', 'catalog/20117122538475.jpg', '', '0');
INSERT INTO `cnoc_product_image` (`product_image_id`, `product_id`, `image`, `code`, `sort_order`) VALUES ('2580', '78', 'catalog/20117122440258.jpg', '', '0');
INSERT INTO `cnoc_product_image` (`product_image_id`, `product_id`, `image`, `code`, `sort_order`) VALUES ('2581', '78', 'catalog/20117122448352.jpg', '', '0');
INSERT INTO `cnoc_product_image` (`product_image_id`, `product_id`, `image`, `code`, `sort_order`) VALUES ('2582', '78', 'catalog/20117122459159.jpg', '', '0');
INSERT INTO `cnoc_product_image` (`product_image_id`, `product_id`, `image`, `code`, `sort_order`) VALUES ('2583', '78', 'catalog/20117122538475.jpg', '', '0');
INSERT INTO `cnoc_product_image` (`product_image_id`, `product_id`, `image`, `code`, `sort_order`) VALUES ('2584', '79', 'catalog/20117122440258.jpg', '', '0');
INSERT INTO `cnoc_product_image` (`product_image_id`, `product_id`, `image`, `code`, `sort_order`) VALUES ('2585', '79', 'catalog/20117122448352.jpg', '', '0');
INSERT INTO `cnoc_product_image` (`product_image_id`, `product_id`, `image`, `code`, `sort_order`) VALUES ('2586', '79', 'catalog/20117122459159.jpg', '', '0');
INSERT INTO `cnoc_product_image` (`product_image_id`, `product_id`, `image`, `code`, `sort_order`) VALUES ('2587', '79', 'catalog/20117122538475.jpg', '', '0');
INSERT INTO `cnoc_product_image` (`product_image_id`, `product_id`, `image`, `code`, `sort_order`) VALUES ('2588', '80', 'catalog/20117122440258.jpg', '', '0');
INSERT INTO `cnoc_product_image` (`product_image_id`, `product_id`, `image`, `code`, `sort_order`) VALUES ('2589', '80', 'catalog/20117122448352.jpg', '', '0');
INSERT INTO `cnoc_product_image` (`product_image_id`, `product_id`, `image`, `code`, `sort_order`) VALUES ('2590', '80', 'catalog/20117122459159.jpg', '', '0');
INSERT INTO `cnoc_product_image` (`product_image_id`, `product_id`, `image`, `code`, `sort_order`) VALUES ('2591', '80', 'catalog/20117122538475.jpg', '', '0');
INSERT INTO `cnoc_product_image` (`product_image_id`, `product_id`, `image`, `code`, `sort_order`) VALUES ('2592', '81', 'catalog/20117122440258.jpg', '', '0');
INSERT INTO `cnoc_product_image` (`product_image_id`, `product_id`, `image`, `code`, `sort_order`) VALUES ('2593', '81', 'catalog/20117122448352.jpg', '', '0');
INSERT INTO `cnoc_product_image` (`product_image_id`, `product_id`, `image`, `code`, `sort_order`) VALUES ('2594', '81', 'catalog/20117122459159.jpg', '', '0');
INSERT INTO `cnoc_product_image` (`product_image_id`, `product_id`, `image`, `code`, `sort_order`) VALUES ('2595', '81', 'catalog/20117122538475.jpg', '', '0');
INSERT INTO `cnoc_product_image` (`product_image_id`, `product_id`, `image`, `code`, `sort_order`) VALUES ('2596', '82', 'catalog/20117122440258.jpg', '', '0');
INSERT INTO `cnoc_product_image` (`product_image_id`, `product_id`, `image`, `code`, `sort_order`) VALUES ('2597', '82', 'catalog/20117122448352.jpg', '', '0');
INSERT INTO `cnoc_product_image` (`product_image_id`, `product_id`, `image`, `code`, `sort_order`) VALUES ('2598', '82', 'catalog/20117122459159.jpg', '', '0');
INSERT INTO `cnoc_product_image` (`product_image_id`, `product_id`, `image`, `code`, `sort_order`) VALUES ('2599', '82', 'catalog/20117122538475.jpg', '', '0');
INSERT INTO `cnoc_product_image` (`product_image_id`, `product_id`, `image`, `code`, `sort_order`) VALUES ('2600', '83', 'catalog/20117122440258.jpg', '', '0');
INSERT INTO `cnoc_product_image` (`product_image_id`, `product_id`, `image`, `code`, `sort_order`) VALUES ('2601', '83', 'catalog/20117122448352.jpg', '', '0');
INSERT INTO `cnoc_product_image` (`product_image_id`, `product_id`, `image`, `code`, `sort_order`) VALUES ('2602', '83', 'catalog/20117122459159.jpg', '', '0');
INSERT INTO `cnoc_product_image` (`product_image_id`, `product_id`, `image`, `code`, `sort_order`) VALUES ('2603', '83', 'catalog/20117122538475.jpg', '', '0');
INSERT INTO `cnoc_product_image` (`product_image_id`, `product_id`, `image`, `code`, `sort_order`) VALUES ('2604', '84', 'catalog/20117122440258.jpg', '', '0');
INSERT INTO `cnoc_product_image` (`product_image_id`, `product_id`, `image`, `code`, `sort_order`) VALUES ('2605', '84', 'catalog/20117122448352.jpg', '', '0');
INSERT INTO `cnoc_product_image` (`product_image_id`, `product_id`, `image`, `code`, `sort_order`) VALUES ('2606', '84', 'catalog/20117122459159.jpg', '', '0');
INSERT INTO `cnoc_product_image` (`product_image_id`, `product_id`, `image`, `code`, `sort_order`) VALUES ('2607', '84', 'catalog/20117122538475.jpg', '', '0');
INSERT INTO `cnoc_product_image` (`product_image_id`, `product_id`, `image`, `code`, `sort_order`) VALUES ('2608', '85', 'catalog/20117122440258.jpg', '', '0');
INSERT INTO `cnoc_product_image` (`product_image_id`, `product_id`, `image`, `code`, `sort_order`) VALUES ('2609', '85', 'catalog/20117122448352.jpg', '', '0');
INSERT INTO `cnoc_product_image` (`product_image_id`, `product_id`, `image`, `code`, `sort_order`) VALUES ('2610', '85', 'catalog/20117122459159.jpg', '', '0');
INSERT INTO `cnoc_product_image` (`product_image_id`, `product_id`, `image`, `code`, `sort_order`) VALUES ('2611', '85', 'catalog/20117122538475.jpg', '', '0');
INSERT INTO `cnoc_product_image` (`product_image_id`, `product_id`, `image`, `code`, `sort_order`) VALUES ('2612', '86', 'catalog/20117122440258.jpg', '', '0');
INSERT INTO `cnoc_product_image` (`product_image_id`, `product_id`, `image`, `code`, `sort_order`) VALUES ('2613', '86', 'catalog/20117122448352.jpg', '', '0');
INSERT INTO `cnoc_product_image` (`product_image_id`, `product_id`, `image`, `code`, `sort_order`) VALUES ('2614', '86', 'catalog/20117122459159.jpg', '', '0');
INSERT INTO `cnoc_product_image` (`product_image_id`, `product_id`, `image`, `code`, `sort_order`) VALUES ('2615', '86', 'catalog/20117122538475.jpg', '', '0');
INSERT INTO `cnoc_product_image` (`product_image_id`, `product_id`, `image`, `code`, `sort_order`) VALUES ('2616', '87', 'catalog/20117122440258.jpg', '', '0');
INSERT INTO `cnoc_product_image` (`product_image_id`, `product_id`, `image`, `code`, `sort_order`) VALUES ('2617', '87', 'catalog/20117122448352.jpg', '', '0');
INSERT INTO `cnoc_product_image` (`product_image_id`, `product_id`, `image`, `code`, `sort_order`) VALUES ('2618', '87', 'catalog/20117122459159.jpg', '', '0');
INSERT INTO `cnoc_product_image` (`product_image_id`, `product_id`, `image`, `code`, `sort_order`) VALUES ('2619', '87', 'catalog/20117122538475.jpg', '', '0');
INSERT INTO `cnoc_product_image` (`product_image_id`, `product_id`, `image`, `code`, `sort_order`) VALUES ('2620', '88', 'catalog/20117122440258.jpg', '', '0');
INSERT INTO `cnoc_product_image` (`product_image_id`, `product_id`, `image`, `code`, `sort_order`) VALUES ('2621', '88', 'catalog/20117122448352.jpg', '', '0');
INSERT INTO `cnoc_product_image` (`product_image_id`, `product_id`, `image`, `code`, `sort_order`) VALUES ('2622', '88', 'catalog/20117122459159.jpg', '', '0');
INSERT INTO `cnoc_product_image` (`product_image_id`, `product_id`, `image`, `code`, `sort_order`) VALUES ('2623', '88', 'catalog/20117122538475.jpg', '', '0');
INSERT INTO `cnoc_product_image` (`product_image_id`, `product_id`, `image`, `code`, `sort_order`) VALUES ('2624', '89', 'catalog/20117122440258.jpg', '', '0');
INSERT INTO `cnoc_product_image` (`product_image_id`, `product_id`, `image`, `code`, `sort_order`) VALUES ('2625', '89', 'catalog/20117122448352.jpg', '', '0');
INSERT INTO `cnoc_product_image` (`product_image_id`, `product_id`, `image`, `code`, `sort_order`) VALUES ('2626', '89', 'catalog/20117122459159.jpg', '', '0');
INSERT INTO `cnoc_product_image` (`product_image_id`, `product_id`, `image`, `code`, `sort_order`) VALUES ('2627', '89', 'catalog/20117122538475.jpg', '', '0');
INSERT INTO `cnoc_product_image` (`product_image_id`, `product_id`, `image`, `code`, `sort_order`) VALUES ('2628', '90', 'catalog/20117122440258.jpg', '', '0');
INSERT INTO `cnoc_product_image` (`product_image_id`, `product_id`, `image`, `code`, `sort_order`) VALUES ('2629', '90', 'catalog/20117122448352.jpg', '', '0');
INSERT INTO `cnoc_product_image` (`product_image_id`, `product_id`, `image`, `code`, `sort_order`) VALUES ('2630', '90', 'catalog/20117122459159.jpg', '', '0');
INSERT INTO `cnoc_product_image` (`product_image_id`, `product_id`, `image`, `code`, `sort_order`) VALUES ('2631', '90', 'catalog/20117122538475.jpg', '', '0');
INSERT INTO `cnoc_product_image` (`product_image_id`, `product_id`, `image`, `code`, `sort_order`) VALUES ('2632', '91', 'catalog/20117122440258.jpg', '', '0');
INSERT INTO `cnoc_product_image` (`product_image_id`, `product_id`, `image`, `code`, `sort_order`) VALUES ('2633', '91', 'catalog/20117122448352.jpg', '', '0');
INSERT INTO `cnoc_product_image` (`product_image_id`, `product_id`, `image`, `code`, `sort_order`) VALUES ('2634', '91', 'catalog/20117122459159.jpg', '', '0');
INSERT INTO `cnoc_product_image` (`product_image_id`, `product_id`, `image`, `code`, `sort_order`) VALUES ('2635', '91', 'catalog/20117122538475.jpg', '', '0');
INSERT INTO `cnoc_product_image` (`product_image_id`, `product_id`, `image`, `code`, `sort_order`) VALUES ('2636', '92', 'catalog/20117122440258.jpg', '', '0');
INSERT INTO `cnoc_product_image` (`product_image_id`, `product_id`, `image`, `code`, `sort_order`) VALUES ('2637', '92', 'catalog/20117122448352.jpg', '', '0');
INSERT INTO `cnoc_product_image` (`product_image_id`, `product_id`, `image`, `code`, `sort_order`) VALUES ('2638', '92', 'catalog/20117122459159.jpg', '', '0');
INSERT INTO `cnoc_product_image` (`product_image_id`, `product_id`, `image`, `code`, `sort_order`) VALUES ('2639', '92', 'catalog/20117122538475.jpg', '', '0');
INSERT INTO `cnoc_product_image` (`product_image_id`, `product_id`, `image`, `code`, `sort_order`) VALUES ('2640', '93', 'catalog/20117122440258.jpg', '', '0');
INSERT INTO `cnoc_product_image` (`product_image_id`, `product_id`, `image`, `code`, `sort_order`) VALUES ('2641', '93', 'catalog/20117122448352.jpg', '', '0');
INSERT INTO `cnoc_product_image` (`product_image_id`, `product_id`, `image`, `code`, `sort_order`) VALUES ('2642', '93', 'catalog/20117122459159.jpg', '', '0');
INSERT INTO `cnoc_product_image` (`product_image_id`, `product_id`, `image`, `code`, `sort_order`) VALUES ('2643', '93', 'catalog/20117122538475.jpg', '', '0');
INSERT INTO `cnoc_product_image` (`product_image_id`, `product_id`, `image`, `code`, `sort_order`) VALUES ('2644', '94', 'catalog/20117122440258.jpg', '', '0');
INSERT INTO `cnoc_product_image` (`product_image_id`, `product_id`, `image`, `code`, `sort_order`) VALUES ('2645', '94', 'catalog/20117122448352.jpg', '', '0');
INSERT INTO `cnoc_product_image` (`product_image_id`, `product_id`, `image`, `code`, `sort_order`) VALUES ('2646', '94', 'catalog/20117122459159.jpg', '', '0');
INSERT INTO `cnoc_product_image` (`product_image_id`, `product_id`, `image`, `code`, `sort_order`) VALUES ('2647', '94', 'catalog/20117122538475.jpg', '', '0');
INSERT INTO `cnoc_product_image` (`product_image_id`, `product_id`, `image`, `code`, `sort_order`) VALUES ('2648', '95', 'catalog/20117122440258.jpg', '', '0');
INSERT INTO `cnoc_product_image` (`product_image_id`, `product_id`, `image`, `code`, `sort_order`) VALUES ('2649', '95', 'catalog/20117122448352.jpg', '', '0');
INSERT INTO `cnoc_product_image` (`product_image_id`, `product_id`, `image`, `code`, `sort_order`) VALUES ('2650', '95', 'catalog/20117122459159.jpg', '', '0');
INSERT INTO `cnoc_product_image` (`product_image_id`, `product_id`, `image`, `code`, `sort_order`) VALUES ('2651', '95', 'catalog/20117122538475.jpg', '', '0');
INSERT INTO `cnoc_product_image` (`product_image_id`, `product_id`, `image`, `code`, `sort_order`) VALUES ('2652', '96', 'catalog/20117122440258.jpg', '', '0');
INSERT INTO `cnoc_product_image` (`product_image_id`, `product_id`, `image`, `code`, `sort_order`) VALUES ('2653', '96', 'catalog/20117122448352.jpg', '', '0');
INSERT INTO `cnoc_product_image` (`product_image_id`, `product_id`, `image`, `code`, `sort_order`) VALUES ('2654', '96', 'catalog/20117122459159.jpg', '', '0');
INSERT INTO `cnoc_product_image` (`product_image_id`, `product_id`, `image`, `code`, `sort_order`) VALUES ('2655', '96', 'catalog/20117122538475.jpg', '', '0');
INSERT INTO `cnoc_product_image` (`product_image_id`, `product_id`, `image`, `code`, `sort_order`) VALUES ('2656', '97', 'catalog/20117122440258.jpg', '', '0');
INSERT INTO `cnoc_product_image` (`product_image_id`, `product_id`, `image`, `code`, `sort_order`) VALUES ('2657', '97', 'catalog/20117122448352.jpg', '', '0');
INSERT INTO `cnoc_product_image` (`product_image_id`, `product_id`, `image`, `code`, `sort_order`) VALUES ('2658', '97', 'catalog/20117122459159.jpg', '', '0');
INSERT INTO `cnoc_product_image` (`product_image_id`, `product_id`, `image`, `code`, `sort_order`) VALUES ('2659', '97', 'catalog/20117122538475.jpg', '', '0');
INSERT INTO `cnoc_product_image` (`product_image_id`, `product_id`, `image`, `code`, `sort_order`) VALUES ('2660', '98', 'catalog/20117122440258.jpg', '', '0');
INSERT INTO `cnoc_product_image` (`product_image_id`, `product_id`, `image`, `code`, `sort_order`) VALUES ('2661', '98', 'catalog/20117122448352.jpg', '', '0');
INSERT INTO `cnoc_product_image` (`product_image_id`, `product_id`, `image`, `code`, `sort_order`) VALUES ('2662', '98', 'catalog/20117122459159.jpg', '', '0');
INSERT INTO `cnoc_product_image` (`product_image_id`, `product_id`, `image`, `code`, `sort_order`) VALUES ('2663', '98', 'catalog/20117122538475.jpg', '', '0');
INSERT INTO `cnoc_product_image` (`product_image_id`, `product_id`, `image`, `code`, `sort_order`) VALUES ('2664', '99', 'catalog/20117122440258.jpg', '', '0');
INSERT INTO `cnoc_product_image` (`product_image_id`, `product_id`, `image`, `code`, `sort_order`) VALUES ('2665', '99', 'catalog/20117122448352.jpg', '', '0');
INSERT INTO `cnoc_product_image` (`product_image_id`, `product_id`, `image`, `code`, `sort_order`) VALUES ('2666', '99', 'catalog/20117122459159.jpg', '', '0');
INSERT INTO `cnoc_product_image` (`product_image_id`, `product_id`, `image`, `code`, `sort_order`) VALUES ('2667', '99', 'catalog/20117122538475.jpg', '', '0');
INSERT INTO `cnoc_product_image` (`product_image_id`, `product_id`, `image`, `code`, `sort_order`) VALUES ('2668', '100', 'catalog/20117122440258.jpg', '', '0');
INSERT INTO `cnoc_product_image` (`product_image_id`, `product_id`, `image`, `code`, `sort_order`) VALUES ('2669', '100', 'catalog/20117122448352.jpg', '', '0');
INSERT INTO `cnoc_product_image` (`product_image_id`, `product_id`, `image`, `code`, `sort_order`) VALUES ('2670', '100', 'catalog/20117122459159.jpg', '', '0');
INSERT INTO `cnoc_product_image` (`product_image_id`, `product_id`, `image`, `code`, `sort_order`) VALUES ('2671', '100', 'catalog/20117122538475.jpg', '', '0');
INSERT INTO `cnoc_product_image` (`product_image_id`, `product_id`, `image`, `code`, `sort_order`) VALUES ('2672', '101', 'catalog/20117122440258.jpg', '', '0');
INSERT INTO `cnoc_product_image` (`product_image_id`, `product_id`, `image`, `code`, `sort_order`) VALUES ('2673', '101', 'catalog/20117122448352.jpg', '', '0');
INSERT INTO `cnoc_product_image` (`product_image_id`, `product_id`, `image`, `code`, `sort_order`) VALUES ('2674', '101', 'catalog/20117122459159.jpg', '', '0');
INSERT INTO `cnoc_product_image` (`product_image_id`, `product_id`, `image`, `code`, `sort_order`) VALUES ('2675', '101', 'catalog/20117122538475.jpg', '', '0');
INSERT INTO `cnoc_product_image` (`product_image_id`, `product_id`, `image`, `code`, `sort_order`) VALUES ('2676', '102', 'catalog/20117122440258.jpg', '', '0');
INSERT INTO `cnoc_product_image` (`product_image_id`, `product_id`, `image`, `code`, `sort_order`) VALUES ('2677', '102', 'catalog/20117122448352.jpg', '', '0');
INSERT INTO `cnoc_product_image` (`product_image_id`, `product_id`, `image`, `code`, `sort_order`) VALUES ('2678', '102', 'catalog/20117122459159.jpg', '', '0');
INSERT INTO `cnoc_product_image` (`product_image_id`, `product_id`, `image`, `code`, `sort_order`) VALUES ('2679', '102', 'catalog/20117122538475.jpg', '', '0');
INSERT INTO `cnoc_product_image` (`product_image_id`, `product_id`, `image`, `code`, `sort_order`) VALUES ('2687', '103', 'catalog/20117122538475.jpg', '', '0');
INSERT INTO `cnoc_product_image` (`product_image_id`, `product_id`, `image`, `code`, `sort_order`) VALUES ('2686', '103', 'catalog/20117122459159.jpg', '', '0');
INSERT INTO `cnoc_product_image` (`product_image_id`, `product_id`, `image`, `code`, `sort_order`) VALUES ('2685', '103', 'catalog/20117122448352.jpg', '', '0');
INSERT INTO `cnoc_product_image` (`product_image_id`, `product_id`, `image`, `code`, `sort_order`) VALUES ('2684', '103', 'catalog/20117122440258.jpg', '', '0');



INSERT INTO `cnoc_product_to_category` (`product_id`, `category_id`) VALUES ('52', '59');
INSERT INTO `cnoc_product_to_category` (`product_id`, `category_id`) VALUES ('53', '59');
INSERT INTO `cnoc_product_to_category` (`product_id`, `category_id`) VALUES ('54', '59');
INSERT INTO `cnoc_product_to_category` (`product_id`, `category_id`) VALUES ('55', '59');
INSERT INTO `cnoc_product_to_category` (`product_id`, `category_id`) VALUES ('56', '59');
INSERT INTO `cnoc_product_to_category` (`product_id`, `category_id`) VALUES ('57', '59');
INSERT INTO `cnoc_product_to_category` (`product_id`, `category_id`) VALUES ('58', '59');
INSERT INTO `cnoc_product_to_category` (`product_id`, `category_id`) VALUES ('59', '59');
INSERT INTO `cnoc_product_to_category` (`product_id`, `category_id`) VALUES ('60', '59');
INSERT INTO `cnoc_product_to_category` (`product_id`, `category_id`) VALUES ('61', '59');
INSERT INTO `cnoc_product_to_category` (`product_id`, `category_id`) VALUES ('62', '59');
INSERT INTO `cnoc_product_to_category` (`product_id`, `category_id`) VALUES ('63', '59');
INSERT INTO `cnoc_product_to_category` (`product_id`, `category_id`) VALUES ('64', '59');
INSERT INTO `cnoc_product_to_category` (`product_id`, `category_id`) VALUES ('65', '59');
INSERT INTO `cnoc_product_to_category` (`product_id`, `category_id`) VALUES ('66', '59');
INSERT INTO `cnoc_product_to_category` (`product_id`, `category_id`) VALUES ('67', '59');
INSERT INTO `cnoc_product_to_category` (`product_id`, `category_id`) VALUES ('68', '59');
INSERT INTO `cnoc_product_to_category` (`product_id`, `category_id`) VALUES ('69', '59');
INSERT INTO `cnoc_product_to_category` (`product_id`, `category_id`) VALUES ('70', '59');
INSERT INTO `cnoc_product_to_category` (`product_id`, `category_id`) VALUES ('71', '59');
INSERT INTO `cnoc_product_to_category` (`product_id`, `category_id`) VALUES ('72', '59');
INSERT INTO `cnoc_product_to_category` (`product_id`, `category_id`) VALUES ('73', '59');
INSERT INTO `cnoc_product_to_category` (`product_id`, `category_id`) VALUES ('74', '59');
INSERT INTO `cnoc_product_to_category` (`product_id`, `category_id`) VALUES ('75', '59');
INSERT INTO `cnoc_product_to_category` (`product_id`, `category_id`) VALUES ('76', '59');
INSERT INTO `cnoc_product_to_category` (`product_id`, `category_id`) VALUES ('77', '59');
INSERT INTO `cnoc_product_to_category` (`product_id`, `category_id`) VALUES ('78', '59');
INSERT INTO `cnoc_product_to_category` (`product_id`, `category_id`) VALUES ('79', '59');
INSERT INTO `cnoc_product_to_category` (`product_id`, `category_id`) VALUES ('80', '59');
INSERT INTO `cnoc_product_to_category` (`product_id`, `category_id`) VALUES ('81', '59');
INSERT INTO `cnoc_product_to_category` (`product_id`, `category_id`) VALUES ('82', '59');
INSERT INTO `cnoc_product_to_category` (`product_id`, `category_id`) VALUES ('83', '59');
INSERT INTO `cnoc_product_to_category` (`product_id`, `category_id`) VALUES ('84', '59');
INSERT INTO `cnoc_product_to_category` (`product_id`, `category_id`) VALUES ('85', '59');
INSERT INTO `cnoc_product_to_category` (`product_id`, `category_id`) VALUES ('86', '59');
INSERT INTO `cnoc_product_to_category` (`product_id`, `category_id`) VALUES ('87', '59');
INSERT INTO `cnoc_product_to_category` (`product_id`, `category_id`) VALUES ('88', '59');
INSERT INTO `cnoc_product_to_category` (`product_id`, `category_id`) VALUES ('89', '59');
INSERT INTO `cnoc_product_to_category` (`product_id`, `category_id`) VALUES ('90', '59');
INSERT INTO `cnoc_product_to_category` (`product_id`, `category_id`) VALUES ('91', '59');
INSERT INTO `cnoc_product_to_category` (`product_id`, `category_id`) VALUES ('92', '59');
INSERT INTO `cnoc_product_to_category` (`product_id`, `category_id`) VALUES ('93', '59');
INSERT INTO `cnoc_product_to_category` (`product_id`, `category_id`) VALUES ('94', '59');
INSERT INTO `cnoc_product_to_category` (`product_id`, `category_id`) VALUES ('95', '59');
INSERT INTO `cnoc_product_to_category` (`product_id`, `category_id`) VALUES ('96', '59');
INSERT INTO `cnoc_product_to_category` (`product_id`, `category_id`) VALUES ('97', '59');
INSERT INTO `cnoc_product_to_category` (`product_id`, `category_id`) VALUES ('98', '59');
INSERT INTO `cnoc_product_to_category` (`product_id`, `category_id`) VALUES ('99', '59');
INSERT INTO `cnoc_product_to_category` (`product_id`, `category_id`) VALUES ('100', '59');
INSERT INTO `cnoc_product_to_category` (`product_id`, `category_id`) VALUES ('101', '59');
INSERT INTO `cnoc_product_to_category` (`product_id`, `category_id`) VALUES ('102', '59');
INSERT INTO `cnoc_product_to_category` (`product_id`, `category_id`) VALUES ('103', '59');



INSERT INTO `cnoc_product_to_layout` (`product_id`, `store_id`, `layout_id`) VALUES ('64', '0', '0');
INSERT INTO `cnoc_product_to_layout` (`product_id`, `store_id`, `layout_id`) VALUES ('67', '0', '0');
INSERT INTO `cnoc_product_to_layout` (`product_id`, `store_id`, `layout_id`) VALUES ('57', '0', '0');
INSERT INTO `cnoc_product_to_layout` (`product_id`, `store_id`, `layout_id`) VALUES ('70', '0', '0');
INSERT INTO `cnoc_product_to_layout` (`product_id`, `store_id`, `layout_id`) VALUES ('59', '0', '0');
INSERT INTO `cnoc_product_to_layout` (`product_id`, `store_id`, `layout_id`) VALUES ('53', '0', '0');
INSERT INTO `cnoc_product_to_layout` (`product_id`, `store_id`, `layout_id`) VALUES ('55', '0', '0');
INSERT INTO `cnoc_product_to_layout` (`product_id`, `store_id`, `layout_id`) VALUES ('66', '0', '0');
INSERT INTO `cnoc_product_to_layout` (`product_id`, `store_id`, `layout_id`) VALUES ('65', '0', '0');
INSERT INTO `cnoc_product_to_layout` (`product_id`, `store_id`, `layout_id`) VALUES ('63', '0', '0');
INSERT INTO `cnoc_product_to_layout` (`product_id`, `store_id`, `layout_id`) VALUES ('54', '0', '0');
INSERT INTO `cnoc_product_to_layout` (`product_id`, `store_id`, `layout_id`) VALUES ('68', '0', '0');
INSERT INTO `cnoc_product_to_layout` (`product_id`, `store_id`, `layout_id`) VALUES ('56', '0', '0');
INSERT INTO `cnoc_product_to_layout` (`product_id`, `store_id`, `layout_id`) VALUES ('52', '0', '0');
INSERT INTO `cnoc_product_to_layout` (`product_id`, `store_id`, `layout_id`) VALUES ('62', '0', '0');
INSERT INTO `cnoc_product_to_layout` (`product_id`, `store_id`, `layout_id`) VALUES ('61', '0', '0');
INSERT INTO `cnoc_product_to_layout` (`product_id`, `store_id`, `layout_id`) VALUES ('69', '0', '0');
INSERT INTO `cnoc_product_to_layout` (`product_id`, `store_id`, `layout_id`) VALUES ('60', '0', '0');
INSERT INTO `cnoc_product_to_layout` (`product_id`, `store_id`, `layout_id`) VALUES ('58', '0', '0');
INSERT INTO `cnoc_product_to_layout` (`product_id`, `store_id`, `layout_id`) VALUES ('71', '0', '0');
INSERT INTO `cnoc_product_to_layout` (`product_id`, `store_id`, `layout_id`) VALUES ('72', '0', '0');
INSERT INTO `cnoc_product_to_layout` (`product_id`, `store_id`, `layout_id`) VALUES ('73', '0', '0');
INSERT INTO `cnoc_product_to_layout` (`product_id`, `store_id`, `layout_id`) VALUES ('74', '0', '0');
INSERT INTO `cnoc_product_to_layout` (`product_id`, `store_id`, `layout_id`) VALUES ('75', '0', '0');
INSERT INTO `cnoc_product_to_layout` (`product_id`, `store_id`, `layout_id`) VALUES ('76', '0', '0');
INSERT INTO `cnoc_product_to_layout` (`product_id`, `store_id`, `layout_id`) VALUES ('77', '0', '0');
INSERT INTO `cnoc_product_to_layout` (`product_id`, `store_id`, `layout_id`) VALUES ('78', '0', '0');
INSERT INTO `cnoc_product_to_layout` (`product_id`, `store_id`, `layout_id`) VALUES ('79', '0', '0');
INSERT INTO `cnoc_product_to_layout` (`product_id`, `store_id`, `layout_id`) VALUES ('80', '0', '0');
INSERT INTO `cnoc_product_to_layout` (`product_id`, `store_id`, `layout_id`) VALUES ('81', '0', '0');
INSERT INTO `cnoc_product_to_layout` (`product_id`, `store_id`, `layout_id`) VALUES ('82', '0', '0');
INSERT INTO `cnoc_product_to_layout` (`product_id`, `store_id`, `layout_id`) VALUES ('83', '0', '0');
INSERT INTO `cnoc_product_to_layout` (`product_id`, `store_id`, `layout_id`) VALUES ('84', '0', '0');
INSERT INTO `cnoc_product_to_layout` (`product_id`, `store_id`, `layout_id`) VALUES ('85', '0', '0');
INSERT INTO `cnoc_product_to_layout` (`product_id`, `store_id`, `layout_id`) VALUES ('86', '0', '0');
INSERT INTO `cnoc_product_to_layout` (`product_id`, `store_id`, `layout_id`) VALUES ('87', '0', '0');
INSERT INTO `cnoc_product_to_layout` (`product_id`, `store_id`, `layout_id`) VALUES ('88', '0', '0');
INSERT INTO `cnoc_product_to_layout` (`product_id`, `store_id`, `layout_id`) VALUES ('89', '0', '0');
INSERT INTO `cnoc_product_to_layout` (`product_id`, `store_id`, `layout_id`) VALUES ('90', '0', '0');
INSERT INTO `cnoc_product_to_layout` (`product_id`, `store_id`, `layout_id`) VALUES ('91', '0', '0');
INSERT INTO `cnoc_product_to_layout` (`product_id`, `store_id`, `layout_id`) VALUES ('92', '0', '0');
INSERT INTO `cnoc_product_to_layout` (`product_id`, `store_id`, `layout_id`) VALUES ('93', '0', '0');
INSERT INTO `cnoc_product_to_layout` (`product_id`, `store_id`, `layout_id`) VALUES ('94', '0', '0');
INSERT INTO `cnoc_product_to_layout` (`product_id`, `store_id`, `layout_id`) VALUES ('95', '0', '0');
INSERT INTO `cnoc_product_to_layout` (`product_id`, `store_id`, `layout_id`) VALUES ('96', '0', '0');
INSERT INTO `cnoc_product_to_layout` (`product_id`, `store_id`, `layout_id`) VALUES ('97', '0', '0');
INSERT INTO `cnoc_product_to_layout` (`product_id`, `store_id`, `layout_id`) VALUES ('98', '0', '0');
INSERT INTO `cnoc_product_to_layout` (`product_id`, `store_id`, `layout_id`) VALUES ('99', '0', '0');
INSERT INTO `cnoc_product_to_layout` (`product_id`, `store_id`, `layout_id`) VALUES ('100', '0', '0');
INSERT INTO `cnoc_product_to_layout` (`product_id`, `store_id`, `layout_id`) VALUES ('101', '0', '0');
INSERT INTO `cnoc_product_to_layout` (`product_id`, `store_id`, `layout_id`) VALUES ('102', '0', '0');
INSERT INTO `cnoc_product_to_layout` (`product_id`, `store_id`, `layout_id`) VALUES ('103', '0', '0');


INSERT INTO `cnoc_product_to_store` (`product_id`, `store_id`) VALUES ('52', '0');
INSERT INTO `cnoc_product_to_store` (`product_id`, `store_id`) VALUES ('53', '0');
INSERT INTO `cnoc_product_to_store` (`product_id`, `store_id`) VALUES ('54', '0');
INSERT INTO `cnoc_product_to_store` (`product_id`, `store_id`) VALUES ('55', '0');
INSERT INTO `cnoc_product_to_store` (`product_id`, `store_id`) VALUES ('56', '0');
INSERT INTO `cnoc_product_to_store` (`product_id`, `store_id`) VALUES ('57', '0');
INSERT INTO `cnoc_product_to_store` (`product_id`, `store_id`) VALUES ('58', '0');
INSERT INTO `cnoc_product_to_store` (`product_id`, `store_id`) VALUES ('59', '0');
INSERT INTO `cnoc_product_to_store` (`product_id`, `store_id`) VALUES ('60', '0');
INSERT INTO `cnoc_product_to_store` (`product_id`, `store_id`) VALUES ('61', '0');
INSERT INTO `cnoc_product_to_store` (`product_id`, `store_id`) VALUES ('62', '0');
INSERT INTO `cnoc_product_to_store` (`product_id`, `store_id`) VALUES ('63', '0');
INSERT INTO `cnoc_product_to_store` (`product_id`, `store_id`) VALUES ('64', '0');
INSERT INTO `cnoc_product_to_store` (`product_id`, `store_id`) VALUES ('65', '0');
INSERT INTO `cnoc_product_to_store` (`product_id`, `store_id`) VALUES ('66', '0');
INSERT INTO `cnoc_product_to_store` (`product_id`, `store_id`) VALUES ('67', '0');
INSERT INTO `cnoc_product_to_store` (`product_id`, `store_id`) VALUES ('68', '0');
INSERT INTO `cnoc_product_to_store` (`product_id`, `store_id`) VALUES ('69', '0');
INSERT INTO `cnoc_product_to_store` (`product_id`, `store_id`) VALUES ('70', '0');
INSERT INTO `cnoc_product_to_store` (`product_id`, `store_id`) VALUES ('71', '0');
INSERT INTO `cnoc_product_to_store` (`product_id`, `store_id`) VALUES ('72', '0');
INSERT INTO `cnoc_product_to_store` (`product_id`, `store_id`) VALUES ('73', '0');
INSERT INTO `cnoc_product_to_store` (`product_id`, `store_id`) VALUES ('74', '0');
INSERT INTO `cnoc_product_to_store` (`product_id`, `store_id`) VALUES ('75', '0');
INSERT INTO `cnoc_product_to_store` (`product_id`, `store_id`) VALUES ('76', '0');
INSERT INTO `cnoc_product_to_store` (`product_id`, `store_id`) VALUES ('77', '0');
INSERT INTO `cnoc_product_to_store` (`product_id`, `store_id`) VALUES ('78', '0');
INSERT INTO `cnoc_product_to_store` (`product_id`, `store_id`) VALUES ('79', '0');
INSERT INTO `cnoc_product_to_store` (`product_id`, `store_id`) VALUES ('80', '0');
INSERT INTO `cnoc_product_to_store` (`product_id`, `store_id`) VALUES ('81', '0');
INSERT INTO `cnoc_product_to_store` (`product_id`, `store_id`) VALUES ('82', '0');
INSERT INTO `cnoc_product_to_store` (`product_id`, `store_id`) VALUES ('83', '0');
INSERT INTO `cnoc_product_to_store` (`product_id`, `store_id`) VALUES ('84', '0');
INSERT INTO `cnoc_product_to_store` (`product_id`, `store_id`) VALUES ('85', '0');
INSERT INTO `cnoc_product_to_store` (`product_id`, `store_id`) VALUES ('86', '0');
INSERT INTO `cnoc_product_to_store` (`product_id`, `store_id`) VALUES ('87', '0');
INSERT INTO `cnoc_product_to_store` (`product_id`, `store_id`) VALUES ('88', '0');
INSERT INTO `cnoc_product_to_store` (`product_id`, `store_id`) VALUES ('89', '0');
INSERT INTO `cnoc_product_to_store` (`product_id`, `store_id`) VALUES ('90', '0');
INSERT INTO `cnoc_product_to_store` (`product_id`, `store_id`) VALUES ('91', '0');
INSERT INTO `cnoc_product_to_store` (`product_id`, `store_id`) VALUES ('92', '0');
INSERT INTO `cnoc_product_to_store` (`product_id`, `store_id`) VALUES ('93', '0');
INSERT INTO `cnoc_product_to_store` (`product_id`, `store_id`) VALUES ('94', '0');
INSERT INTO `cnoc_product_to_store` (`product_id`, `store_id`) VALUES ('95', '0');
INSERT INTO `cnoc_product_to_store` (`product_id`, `store_id`) VALUES ('96', '0');
INSERT INTO `cnoc_product_to_store` (`product_id`, `store_id`) VALUES ('97', '0');
INSERT INTO `cnoc_product_to_store` (`product_id`, `store_id`) VALUES ('98', '0');
INSERT INTO `cnoc_product_to_store` (`product_id`, `store_id`) VALUES ('99', '0');
INSERT INTO `cnoc_product_to_store` (`product_id`, `store_id`) VALUES ('100', '0');
INSERT INTO `cnoc_product_to_store` (`product_id`, `store_id`) VALUES ('101', '0');
INSERT INTO `cnoc_product_to_store` (`product_id`, `store_id`) VALUES ('102', '0');
INSERT INTO `cnoc_product_to_store` (`product_id`, `store_id`) VALUES ('103', '0');
